,Airspace id,Fullname,Date (America/Chicago),Temperature shock - color,Temperature (Â°C) - data,ReHS - color,ReHS - data
22,412,"House 1, Floor 1, Room 1",2021-03-15,green,,blue,
23,412,"House 1, Floor 1, Room 1",2021-03-16,green,,blue,
24,412,"House 1, Floor 1, Room 1",2021-03-17,yellow,,blue,
25,412,"House 1, Floor 1, Room 1",2021-03-18,yellow,,yellow,
26,412,"House 1, Floor 1, Room 1",2021-03-19,green,,green,
27,412,"House 1, Floor 1, Room 1",2021-03-20,green,,green,
28,412,"House 1, Floor 1, Room 1",2021-03-21,green,,yellow,
29,412,"House 1, Floor 1, Room 1",2021-03-22,yellow,,yellow,
30,412,"House 1, Floor 1, Room 1",2021-03-23,green,,yellow,
31,412,"House 1, Floor 1, Room 1",2021-03-24,yellow,,red,
32,412,"House 1, Floor 1, Room 1",2021-03-25,green,,red,
33,412,"House 1, Floor 1, Room 1",2021-03-26,green,,red,
34,412,"House 1, Floor 1, Room 1",2021-03-27,yellow,,red,
35,412,"House 1, Floor 1, Room 1",2021-03-28,green,,red,
36,412,"House 1, Floor 1, Room 1",2021-03-29,red,,yellow,
37,412,"House 1, Floor 1, Room 1",2021-03-30,green,,yellow,
38,412,"House 1, Floor 1, Room 1",2021-03-31,yellow,,yellow,
39,412,"House 1, Floor 1, Room 1",2021-04-01,green,,yellow,
40,412,"House 1, Floor 1, Room 1",2021-04-02,yellow,,green,
41,412,"House 1, Floor 1, Room 1",2021-04-03,red,,green,
42,412,"House 1, Floor 1, Room 1",2021-04-04,red,,green,
43,412,"House 1, Floor 1, Room 1",2021-04-05,yellow,,green,
44,412,"House 1, Floor 1, Room 1",2021-04-06,green,,green,
45,412,"House 1, Floor 1, Room 1",2021-04-07,green,,green,
46,412,"House 1, Floor 1, Room 1",2021-04-08,green,,green,
47,412,"House 1, Floor 1, Room 1",2021-04-09,green,,green,
48,412,"House 1, Floor 1, Room 1",2021-04-10,green,,green,
49,412,"House 1, Floor 1, Room 1",2021-04-11,yellow,,green,
50,412,"House 1, Floor 1, Room 1",2021-04-12,yellow,,green,
51,412,"House 1, Floor 1, Room 1",2021-04-13,green,,green,
52,412,"House 1, Floor 1, Room 1",2021-04-14,yellow,,green,
53,412,"House 1, Floor 1, Room 1",2021-04-15,green,,green,
54,412,"House 1, Floor 1, Room 1",2021-04-16,green,,green,
55,412,"House 1, Floor 1, Room 1",2021-04-17,green,,green,
56,412,"House 1, Floor 1, Room 1",2021-04-18,yellow,,green,
57,412,"House 1, Floor 1, Room 1",2021-04-19,green,,green,
58,412,"House 1, Floor 1, Room 1",2021-04-20,green,,green,
59,412,"House 1, Floor 1, Room 1",2021-04-21,green,,green,
60,412,"House 1, Floor 1, Room 1",2021-04-22,green,,green,
61,412,"House 1, Floor 1, Room 1",2021-04-23,yellow,,green,
62,412,"House 1, Floor 1, Room 1",2021-04-24,yellow,,green,
63,412,"House 1, Floor 1, Room 1",2021-04-25,green,,green,
64,412,"House 1, Floor 1, Room 1",2021-04-26,red,,green,
65,412,"House 1, Floor 1, Room 1",2021-04-27,yellow,,green,
66,412,"House 1, Floor 1, Room 1",2021-04-28,yellow,,green,
67,412,"House 1, Floor 1, Room 1",2021-04-29,red,,green,
68,412,"House 1, Floor 1, Room 1",2021-04-30,yellow,,green,
69,412,"House 1, Floor 1, Room 1",2021-05-01,red,,green,
70,412,"House 1, Floor 1, Room 1",2021-05-02,red,,green,
71,412,"House 1, Floor 1, Room 1",2021-05-03,yellow,,green,
72,412,"House 1, Floor 1, Room 1",2021-05-04,red,,green,
73,412,"House 1, Floor 1, Room 1",2021-05-05,yellow,,green,
74,412,"House 1, Floor 1, Room 1",2021-05-06,yellow,,green,
75,412,"House 1, Floor 1, Room 1",2021-05-07,yellow,,green,
76,412,"House 1, Floor 1, Room 1",2021-05-08,green,,green,
77,412,"House 1, Floor 1, Room 1",2021-05-09,yellow,,green,
78,412,"House 1, Floor 1, Room 1",2021-05-10,yellow,,green,
79,412,"House 1, Floor 1, Room 1",2021-05-11,yellow,,green,
80,412,"House 1, Floor 1, Room 1",2021-05-12,yellow,,green,
81,412,"House 1, Floor 1, Room 1",2021-05-13,green,,green,
82,412,"House 1, Floor 1, Room 1",2021-05-14,green,,green,
83,412,"House 1, Floor 1, Room 1",2021-05-15,yellow,,green,
84,412,"House 1, Floor 1, Room 1",2021-05-16,green,,green,
85,412,"House 1, Floor 1, Room 1",2021-05-17,green,,green,
86,412,"House 1, Floor 1, Room 1",2021-05-18,green,,green,
87,412,"House 1, Floor 1, Room 1",2021-05-19,blue,,green,
88,412,"House 1, Floor 1, Room 1",2021-05-20,green,,green,
89,412,"House 1, Floor 1, Room 1",2021-05-21,yellow,,green,
90,412,"House 1, Floor 1, Room 1",2021-05-22,yellow,,green,
91,412,"House 1, Floor 1, Room 1",2021-05-23,yellow,,green,
92,412,"House 1, Floor 1, Room 1",2021-05-24,yellow,,green,
93,412,"House 1, Floor 1, Room 1",2021-05-25,red,,green,
94,412,"House 1, Floor 1, Room 1",2021-05-26,yellow,,green,
95,412,"House 1, Floor 1, Room 1",2021-05-27,green,,green,
96,412,"House 1, Floor 1, Room 1",2021-05-28,green,,green,
97,412,"House 1, Floor 1, Room 1",2021-05-29,green,,green,
98,412,"House 1, Floor 1, Room 1",2021-05-30,green,,green,
99,412,"House 1, Floor 1, Room 1",2021-05-31,red,,green,
100,412,"House 1, Floor 1, Room 1",2021-06-01,red,,green,
101,412,"House 1, Floor 1, Room 1",2021-06-02,red,,green,
102,412,"House 1, Floor 1, Room 1",2021-06-03,yellow,,green,
103,412,"House 1, Floor 1, Room 1",2021-06-04,red,,green,
104,412,"House 1, Floor 1, Room 1",2021-06-05,red,,green,
105,412,"House 1, Floor 1, Room 1",2021-06-06,green,,green,
106,412,"House 1, Floor 1, Room 1",2021-06-07,yellow,,green,
107,412,"House 1, Floor 1, Room 1",2021-06-08,red,,green,
108,412,"House 1, Floor 1, Room 1",2021-06-09,red,,green,
109,412,"House 1, Floor 1, Room 1",2021-06-10,yellow,,green,
110,412,"House 1, Floor 1, Room 1",2021-06-11,red,,green,
111,412,"House 1, Floor 1, Room 1",2021-06-12,red,,green,
112,412,"House 1, Floor 1, Room 1",2021-06-13,red,,green,
113,412,"House 1, Floor 1, Room 1",2021-06-14,red,,green,
114,412,"House 1, Floor 1, Room 1",2021-06-15,red,,green,
115,412,"House 1, Floor 1, Room 1",2021-06-16,red,,green,
116,412,"House 1, Floor 1, Room 1",2021-06-17,red,,green,
117,412,"House 1, Floor 1, Room 1",2021-06-18,red,,green,
118,412,"House 1, Floor 1, Room 1",2021-06-19,yellow,,green,
119,412,"House 1, Floor 1, Room 1",2021-06-20,red,,green,
120,412,"House 1, Floor 1, Room 1",2021-06-21,yellow,,green,
121,412,"House 1, Floor 1, Room 1",2021-06-22,red,,green,
122,412,"House 1, Floor 1, Room 1",2021-06-23,yellow,,green,
123,412,"House 1, Floor 1, Room 1",2021-06-24,green,,green,
124,412,"House 1, Floor 1, Room 1",2021-06-25,green,,green,
125,412,"House 1, Floor 1, Room 1",2021-06-26,green,,green,
126,412,"House 1, Floor 1, Room 1",2021-06-27,blue,,blue,
127,412,"House 1, Floor 1, Room 1",2021-06-28,blue,,blue,
128,412,"House 1, Floor 1, Room 1",2021-06-29,blue,,blue,
129,412,"House 1, Floor 1, Room 1",2021-06-30,blue,,blue,
130,412,"House 1, Floor 1, Room 1",2021-07-01,blue,,blue,
131,412,"House 1, Floor 1, Room 1",2021-07-02,blue,,blue,
132,412,"House 1, Floor 1, Room 1",2021-07-03,blue,,blue,
133,412,"House 1, Floor 1, Room 1",2021-07-04,blue,,blue,
134,412,"House 1, Floor 1, Room 1",2021-07-05,blue,,blue,
135,412,"House 1, Floor 1, Room 1",2021-07-06,blue,,blue,
136,412,"House 1, Floor 1, Room 1",2021-07-07,blue,,blue,
137,412,"House 1, Floor 1, Room 1",2021-07-08,blue,,blue,
138,412,"House 1, Floor 1, Room 1",2021-07-09,blue,,blue,
139,412,"House 1, Floor 1, Room 1",2021-07-10,blue,,blue,
140,412,"House 1, Floor 1, Room 1",2021-07-11,blue,,blue,
141,412,"House 1, Floor 1, Room 1",2021-07-12,blue,,blue,
142,412,"House 1, Floor 1, Room 1",2021-07-13,blue,,blue,
143,412,"House 1, Floor 1, Room 1",2021-07-14,blue,,blue,
144,412,"House 1, Floor 1, Room 1",2021-07-15,blue,,blue,
145,412,"House 1, Floor 1, Room 1",2021-07-16,blue,,blue,
146,412,"House 1, Floor 1, Room 1",2021-07-17,blue,,blue,
147,412,"House 1, Floor 1, Room 1",2021-07-18,blue,,blue,
148,412,"House 1, Floor 1, Room 1",2021-07-19,blue,,blue,
149,412,"House 1, Floor 1, Room 1",2021-07-20,blue,,blue,
150,412,"House 1, Floor 1, Room 1",2021-07-21,blue,,blue,
151,412,"House 1, Floor 1, Room 1",2021-07-22,blue,,blue,
152,412,"House 1, Floor 1, Room 1",2021-07-23,blue,,blue,
153,412,"House 1, Floor 1, Room 1",2021-07-24,blue,,blue,
154,412,"House 1, Floor 1, Room 1",2021-07-25,blue,,blue,
155,412,"House 1, Floor 1, Room 1",2021-07-26,red,,blue,
0,412,"House 1, Floor 1, Room 1",2021-07-27,yellow,29.91,blue,
1,412,"House 1, Floor 1, Room 1",2021-07-28,yellow,28.71,green,89.0
2,412,"House 1, Floor 1, Room 1",2021-07-29,yellow,27.22,green,90.0
3,412,"House 1, Floor 1, Room 1",2021-07-30,green,22.28,green,93.0
4,412,"House 1, Floor 1, Room 1",2021-07-31,yellow,23.71,green,96.0
5,412,"House 1, Floor 1, Room 1",2021-08-01,yellow,21.98,green,98.0
6,412,"House 1, Floor 1, Room 1",2021-08-02,green,17.46,blue,
156,412,"House 1, Floor 1, Room 1",2021-08-03,green,,blue,
157,412,"House 1, Floor 1, Room 1",2021-08-04,green,,blue,
158,412,"House 1, Floor 1, Room 1",2021-08-05,green,,blue,
159,412,"House 1, Floor 1, Room 1",2021-08-06,green,,blue,
160,412,"House 1, Floor 1, Room 1",2021-08-07,green,,blue,
161,412,"House 1, Floor 1, Room 1",2021-08-08,green,,blue,
162,412,"House 1, Floor 1, Room 1",2021-08-09,green,,blue,
163,412,"House 1, Floor 1, Room 1",2021-08-10,green,,blue,
164,412,"House 1, Floor 1, Room 1",2021-08-11,green,,blue,
165,412,"House 1, Floor 1, Room 1",2021-08-12,green,,blue,
166,412,"House 1, Floor 1, Room 1",2021-08-13,green,,blue,
167,412,"House 1, Floor 1, Room 1",2021-08-14,green,,blue,
168,412,"House 1, Floor 1, Room 1",2021-08-15,green,,blue,
169,412,"House 1, Floor 1, Room 1",2021-08-16,green,,blue,
170,412,"House 1, Floor 1, Room 1",2021-08-17,green,,blue,
171,412,"House 1, Floor 1, Room 1",2021-08-18,green,,blue,
172,412,"House 1, Floor 1, Room 1",2021-08-19,green,,blue,
173,412,"House 1, Floor 1, Room 1",2021-08-20,green,,blue,
174,412,"House 1, Floor 1, Room 1",2021-08-21,green,,blue,
175,412,"House 1, Floor 1, Room 1",2021-08-22,green,,blue,
176,412,"House 1, Floor 1, Room 1",2021-08-23,green,,blue,
177,412,"House 1, Floor 1, Room 1",2021-08-24,green,,blue,
178,412,"House 1, Floor 1, Room 1",2021-08-25,green,,blue,
179,412,"House 1, Floor 1, Room 1",2021-08-26,green,,blue,
180,412,"House 1, Floor 1, Room 1",2021-08-27,green,,blue,
181,412,"House 1, Floor 1, Room 1",2021-08-28,green,,blue,
182,412,"House 1, Floor 1, Room 1",2021-08-29,green,,blue,
7,412,"House 1, Floor 1, Room 1",2021-08-30,yellow,27.48,blue,
8,412,"House 1, Floor 1, Room 1",2021-08-31,green,25.16,green,74.0
9,412,"House 1, Floor 1, Room 1",2021-09-01,green,24.82,green,68.0
10,412,"House 1, Floor 1, Room 1",2021-09-02,green,24.97,green,67.0
11,412,"House 1, Floor 1, Room 1",2021-09-03,green,25.11,yellow,56.0
12,412,"House 1, Floor 1, Room 1",2021-09-04,green,25.14,yellow,50.0
13,412,"House 1, Floor 1, Room 1",2021-09-05,yellow,25.68,green,64.0
14,412,"House 1, Floor 1, Room 1",2021-09-06,green,26.43,green,64.0
15,412,"House 1, Floor 1, Room 1",2021-09-07,yellow,25.82,green,65.0
16,412,"House 1, Floor 1, Room 1",2021-09-08,yellow,24.61,yellow,54.0
17,412,"House 1, Floor 1, Room 1",2021-09-09,yellow,24.07,yellow,46.0
18,412,"House 1, Floor 1, Room 1",2021-09-10,yellow,25.47,red,36.0
19,412,"House 1, Floor 1, Room 1",2021-09-11,green,26.75,green,66.0
20,412,"House 1, Floor 1, Room 1",2021-09-12,yellow,24.74,green,68.0
21,412,"House 1, Floor 1, Room 1",2021-09-13,yellow,24.74,green,
183,412,"House 1, Floor 1, Room 1",2021-09-13,yellow,25.04,green,72.0
184,412,"House 1, Floor 1, Room 1",2021-09-14,yellow,23.69,yellow,55.0
185,412,"House 1, Floor 1, Room 1",2021-09-15,yellow,24.41,green,64.0
186,412,"House 1, Floor 1, Room 1",2021-09-16,green,26.38,yellow,51.0
187,412,"House 1, Floor 1, Room 1",2021-09-17,green,23.96,yellow,46.0
188,412,"House 1, Floor 1, Room 1",2021-09-18,green,25.28,red,32.0
189,412,"House 1, Floor 1, Room 1",2021-09-19,green,27.09,red,33.0
190,412,"House 1, Floor 1, Room 1",2021-09-20,green,23.86,red,22.0
191,412,"House 1, Floor 1, Room 1",2021-09-21,yellow,22.07,red,25.0
192,412,"House 1, Floor 1, Room 1",2021-09-22,yellow,22.14,red,26.0
193,412,"House 1, Floor 1, Room 1",2021-09-23,yellow,22.94,red,23.0
194,412,"House 1, Floor 1, Room 1",2021-09-24,yellow,21.7,red,22.0
195,412,"House 1, Floor 1, Room 1",2021-09-25,yellow,22.78,red,24.0
196,412,"House 1, Floor 1, Room 1",2021-09-26,red,23.95,red,28.0
197,412,"House 1, Floor 1, Room 1",2021-09-27,red,24.01,red,29.0
198,412,"House 1, Floor 1, Room 1",2021-09-28,red,25.03,red,29.0
199,412,"House 1, Floor 1, Room 1",2021-09-29,green,24.91,red,24.0
200,412,"House 1, Floor 1, Room 1",2021-09-30,green,25.06,red,17.0
201,412,"House 1, Floor 1, Room 1",2021-10-01,yellow,24.1,red,14.0
202,412,"House 1, Floor 1, Room 1",2021-10-02,green,22.74,red,8.0
203,412,"House 1, Floor 1, Room 1",2021-10-03,red,22.71,red,11.0
204,412,"House 1, Floor 1, Room 1",2021-10-04,red,21.83,red,18.0
205,412,"House 1, Floor 1, Room 1",2021-10-05,yellow,21.39,red,19.0
206,412,"House 1, Floor 1, Room 1",2021-10-06,yellow,21.88,red,24.0
207,412,"House 1, Floor 1, Room 1",2021-10-07,yellow,22.89,red,23.0
208,412,"House 1, Floor 1, Room 1",2021-10-08,yellow,23.28,red,33.0
209,412,"House 1, Floor 1, Room 1",2021-10-09,green,23.83,red,36.0
210,412,"House 1, Floor 1, Room 1",2021-10-10,yellow,21.32,red,37.0
211,412,"House 1, Floor 1, Room 1",2021-10-11,red,19.92,yellow,52.0
212,412,"House 1, Floor 1, Room 1",2021-10-12,green,20.72,yellow,52.0
213,412,"House 1, Floor 1, Room 1",2021-10-13,yellow,21.22,yellow,55.0
214,412,"House 1, Floor 1, Room 1",2021-10-14,yellow,18.8,yellow,52.0
215,412,"House 1, Floor 1, Room 1",2021-10-15,yellow,18.41,green,68.0
216,412,"House 1, Floor 1, Room 1",2021-10-16,yellow,18.53,green,71.0
217,412,"House 1, Floor 1, Room 1",2021-10-17,yellow,19.62,green,77.0
218,412,"House 1, Floor 1, Room 1",2021-10-18,green,20.96,green,75.0
219,412,"House 1, Floor 1, Room 1",2021-10-19,green,21.64,yellow,54.0
220,412,"House 1, Floor 1, Room 1",2021-10-20,yellow,19.95,yellow,55.0
221,412,"House 1, Floor 1, Room 1",2021-10-21,green,16.71,green,70.0
222,412,"House 1, Floor 1, Room 1",2021-10-22,green,17.77,yellow,49.0
223,412,"House 1, Floor 1, Room 1",2021-10-23,green,18.35,red,36.0
224,412,"House 1, Floor 1, Room 1",2021-10-24,green,17.87,red,34.0
225,412,"House 1, Floor 1, Room 1",2021-10-25,green,18.35,red,27.0
226,412,"House 1, Floor 1, Room 1",2021-10-26,green,19.18,red,32.0
227,412,"House 1, Floor 1, Room 1",2021-10-27,green,18.96,yellow,55.0
228,412,"House 1, Floor 1, Room 1",2021-10-28,green,18.15,yellow,56.0
229,412,"House 1, Floor 1, Room 1",2021-10-29,yellow,18.28,yellow,56.0
230,412,"House 1, Floor 1, Room 1",2021-10-30,green,19.26,yellow,53.0
231,412,"House 1, Floor 1, Room 1",2021-10-31,green,17.69,yellow,54.0
232,412,"House 1, Floor 1, Room 1",2021-11-01,yellow,18.27,yellow,45.0
233,412,"House 1, Floor 1, Room 1",2021-11-02,yellow,18.7,red,22.0
234,412,"House 1, Floor 1, Room 1",2021-11-03,yellow,18.43,red,19.0
235,412,"House 1, Floor 1, Room 1",2021-11-04,green,19.42,red,31.0
236,412,"House 1, Floor 1, Room 1",2021-11-05,green,19.46,yellow,50.0
237,412,"House 1, Floor 1, Room 1",2021-11-06,green,20.24,red,32.0
238,412,"House 1, Floor 1, Room 1",2021-11-07,green,19.96,red,28.0
239,412,"House 1, Floor 1, Room 1",2021-11-08,green,18.85,red,34.0
240,412,"House 1, Floor 1, Room 1",2021-11-09,yellow,18.74,yellow,53.0
241,412,"House 1, Floor 1, Room 1",2021-11-10,green,18.39,green,72.0
242,412,"House 1, Floor 1, Room 1",2021-11-11,yellow,17.89,green,70.0
243,412,"House 1, Floor 1, Room 1",2021-11-12,yellow,17.1,green,78.0
244,412,"House 1, Floor 1, Room 1",2021-11-13,yellow,17.43,green,79.0
245,412,"House 1, Floor 1, Room 1",2021-11-14,yellow,17.11,green,79.0
246,412,"House 1, Floor 1, Room 1",2021-11-15,yellow,17.26,green,78.0
247,412,"House 1, Floor 1, Room 1",2021-11-16,red,17.95,green,87.0
248,412,"House 1, Floor 1, Room 1",2021-11-17,yellow,17.75,green,83.0
249,412,"House 1, Floor 1, Room 1",2021-11-18,yellow,15.82,green,75.0
250,412,"House 1, Floor 1, Room 1",2021-11-19,green,16.54,green,66.0
251,412,"House 1, Floor 1, Room 1",2021-11-20,green,16.9,red,25.0
252,412,"House 1, Floor 1, Room 1",2021-11-21,yellow,15.86,red,22.0
253,412,"House 1, Floor 1, Room 1",2021-11-22,yellow,15.67,red,29.0
254,412,"House 1, Floor 1, Room 1",2021-11-23,green,17.77,yellow,54.0
255,412,"House 1, Floor 1, Room 1",2021-11-24,yellow,16.68,green,82.0
256,412,"House 1, Floor 1, Room 1",2021-11-25,yellow,14.59,green,85.0
257,412,"House 1, Floor 1, Room 1",2021-11-26,green,15.82,green,92.0
258,412,"House 1, Floor 1, Room 1",2021-11-27,green,16.33,green,90.0
259,412,"House 1, Floor 1, Room 1",2021-11-28,yellow,15.41,green,88.0
260,412,"House 1, Floor 1, Room 1",2021-11-29,yellow,17.6,green,86.0
261,412,"House 1, Floor 1, Room 1",2021-11-30,green,16.81,green,92.0
262,412,"House 1, Floor 1, Room 1",2021-12-01,green,17.5,green,89.0
263,412,"House 1, Floor 1, Room 1",2021-12-02,green,17.35,green,88.0
264,412,"House 1, Floor 1, Room 1",2021-12-03,yellow,16.41,green,86.0
265,412,"House 1, Floor 1, Room 1",2021-12-04,yellow,15.7,green,88.0
266,412,"House 1, Floor 1, Room 1",2021-12-05,yellow,15.73,green,84.0
267,412,"House 1, Floor 1, Room 1",2021-12-06,yellow,14.53,green,84.0
268,412,"House 1, Floor 1, Room 1",2021-12-07,red,14.83,green,89.0
269,412,"House 1, Floor 1, Room 1",2021-12-08,yellow,14.92,green,90.0
270,412,"House 1, Floor 1, Room 1",2021-12-09,green,15.76,green,89.0
271,412,"House 1, Floor 1, Room 1",2021-12-10,yellow,15.24,green,86.0
272,412,"House 1, Floor 1, Room 1",2021-12-11,yellow,15.08,green,90.0
273,412,"House 1, Floor 1, Room 1",2021-12-12,green,15.7,green,89.0
274,412,"House 1, Floor 1, Room 1",2021-12-13,green,15.64,green,87.0
275,412,"House 1, Floor 1, Room 1",2021-12-14,green,16.31,green,88.0
276,412,"House 1, Floor 1, Room 1",2021-12-15,red,19.37,green,86.0
277,412,"House 1, Floor 1, Room 1",2021-12-16,yellow,15.29,green,87.0
278,412,"House 1, Floor 1, Room 1",2021-12-17,yellow,15.35,green,80.0
279,412,"House 1, Floor 1, Room 1",2021-12-18,red,14.83,green,84.0
280,412,"House 1, Floor 1, Room 1",2021-12-19,yellow,15.2,green,90.0
281,412,"House 1, Floor 1, Room 1",2021-12-20,yellow,14.68,green,93.0
282,412,"House 1, Floor 1, Room 1",2021-12-21,red,14.75,green,92.0
283,412,"House 1, Floor 1, Room 1",2021-12-22,yellow,15.32,green,69.0
284,412,"House 1, Floor 1, Room 1",2021-12-23,green,15.61,yellow,48.0
285,412,"House 1, Floor 1, Room 1",2021-12-24,green,16.54,green,91.0
286,412,"House 1, Floor 1, Room 1",2021-12-25,red,15.31,green,92.0
287,412,"House 1, Floor 1, Room 1",2021-12-26,yellow,15.38,green,92.0
288,412,"House 1, Floor 1, Room 1",2021-12-27,red,14.63,green,93.0
289,412,"House 1, Floor 1, Room 1",2021-12-28,red,15.18,green,91.0
290,412,"House 1, Floor 1, Room 1",2021-12-29,red,14.9,green,91.0
291,412,"House 1, Floor 1, Room 1",2021-12-30,red,15.16,green,93.0
292,412,"House 1, Floor 1, Room 1",2021-12-31,yellow,14.73,green,93.0
293,412,"House 1, Floor 1, Room 1",2022-01-01,red,14.82,green,90.0
294,412,"House 1, Floor 1, Room 1",2022-01-02,yellow,15.39,green,89.0
295,412,"House 1, Floor 1, Room 1",2022-01-03,yellow,15.21,green,88.0
296,412,"House 1, Floor 1, Room 1",2022-01-04,yellow,15.22,green,92.0
297,412,"House 1, Floor 1, Room 1",2022-01-05,yellow,14.65,green,92.0
298,412,"House 1, Floor 1, Room 1",2022-01-06,yellow,15.69,green,91.0
299,412,"House 1, Floor 1, Room 1",2022-01-07,yellow,15.21,green,90.0
300,412,"House 1, Floor 1, Room 1",2022-01-08,red,15.27,green,87.0
301,412,"House 1, Floor 1, Room 1",2022-01-09,red,14.77,green,92.0
302,412,"House 1, Floor 1, Room 1",2022-01-10,red,15.04,green,91.0
303,412,"House 1, Floor 1, Room 1",2022-01-11,green,15.81,green,91.0
304,412,"House 1, Floor 1, Room 1",2022-01-12,red,16.42,green,91.0
305,412,"House 1, Floor 1, Room 1",2022-01-13,yellow,15.6,green,92.0
306,412,"House 1, Floor 1, Room 1",2022-01-14,yellow,14.92,green,92.0
307,412,"House 1, Floor 1, Room 1",2022-01-15,yellow,14.57,green,94.0
308,412,"House 1, Floor 1, Room 1",2022-01-16,red,15.03,green,89.0
309,412,"House 1, Floor 1, Room 1",2022-01-17,yellow,14.94,green,90.0
310,412,"House 1, Floor 1, Room 1",2022-01-18,yellow,16.68,green,88.0
311,412,"House 1, Floor 1, Room 1",2022-01-19,red,15.51,green,87.0
312,412,"House 1, Floor 1, Room 1",2022-01-20,red,15.98,green,85.0
313,412,"House 1, Floor 1, Room 1",2022-01-21,yellow,15.28,green,85.0
314,412,"House 1, Floor 1, Room 1",2022-01-22,green,15.71,green,90.0
315,412,"House 1, Floor 1, Room 1",2022-01-23,yellow,15.05,green,86.0
316,412,"House 1, Floor 1, Room 1",2022-01-24,yellow,15.14,green,88.0
317,412,"House 1, Floor 1, Room 1",2022-01-25,red,15.42,green,85.0
318,412,"House 1, Floor 1, Room 1",2022-01-26,yellow,15.89,green,88.0
319,412,"House 1, Floor 1, Room 1",2022-01-27,red,16.02,green,84.0
320,412,"House 1, Floor 1, Room 1",2022-01-28,yellow,15.98,green,83.0
321,412,"House 1, Floor 1, Room 1",2022-01-29,green,16.23,green,83.0
322,412,"House 1, Floor 1, Room 1",2022-01-30,yellow,15.91,green,85.0
323,412,"House 1, Floor 1, Room 1",2022-01-31,yellow,16.64,green,88.0
324,412,"House 1, Floor 1, Room 1",2022-02-01,blue,17.19,blue,
326,412,"House 1, Floor 1, Room 1",2022-02-02,blue,,blue,
327,412,"House 1, Floor 1, Room 1",2022-02-03,blue,,blue,
328,412,"House 1, Floor 1, Room 1",2022-02-04,blue,,blue,
329,412,"House 1, Floor 1, Room 1",2022-02-05,blue,,blue,
330,412,"House 1, Floor 1, Room 1",2022-02-06,blue,,blue,
325,412,"House 1, Floor 1, Room 1",2022-02-07,blue,27.48,blue,
331,412,"House 1, Floor 1, Room 1",2022-02-08,blue,,blue,
332,412,"House 1, Floor 1, Room 1",2022-02-09,blue,,blue,
333,412,"House 1, Floor 1, Room 1",2022-02-10,blue,,blue,
334,412,"House 1, Floor 1, Room 1",2022-02-11,blue,,blue,
335,412,"House 1, Floor 1, Room 1",2022-02-12,blue,,blue,
336,412,"House 1, Floor 1, Room 1",2022-02-13,blue,,blue,
337,412,"House 1, Floor 1, Room 1",2022-02-14,blue,,blue,
338,412,"House 1, Floor 1, Room 1",2022-02-15,blue,,blue,
339,412,"House 1, Floor 1, Room 1",2022-02-16,blue,,blue,
340,412,"House 1, Floor 1, Room 1",2022-02-17,blue,,blue,
341,412,"House 1, Floor 1, Room 1",2022-02-18,blue,,blue,
342,412,"House 1, Floor 1, Room 1",2022-02-19,blue,,blue,
343,412,"House 1, Floor 1, Room 1",2022-02-20,blue,,blue,
344,412,"House 1, Floor 1, Room 1",2022-02-21,blue,,blue,
345,412,"House 1, Floor 1, Room 1",2022-02-22,blue,,blue,
346,412,"House 1, Floor 1, Room 1",2022-02-23,blue,,blue,
347,412,"House 1, Floor 1, Room 1",2022-02-24,blue,,blue,
348,412,"House 1, Floor 1, Room 1",2022-02-25,blue,,blue,
349,412,"House 1, Floor 1, Room 1",2022-02-26,blue,,blue,
350,412,"House 1, Floor 1, Room 1",2022-02-27,blue,,blue,
351,412,"House 1, Floor 1, Room 1",2022-02-28,blue,,blue,
352,412,"House 1, Floor 1, Room 1",2022-03-01,blue,,blue,
353,412,"House 1, Floor 1, Room 1",2022-03-02,blue,,blue,
354,412,"House 1, Floor 1, Room 1",2022-03-03,blue,,blue,
355,412,"House 1, Floor 1, Room 1",2022-03-04,blue,,blue,
356,412,"House 1, Floor 1, Room 1",2022-03-05,blue,,blue,
357,412,"House 1, Floor 1, Room 1",2022-03-06,blue,,blue,
358,412,"House 1, Floor 1, Room 1",2022-03-07,blue,,blue,
359,412,"House 1, Floor 1, Room 1",2022-03-08,blue,,blue,
360,412,"House 1, Floor 1, Room 1",2022-03-09,blue,,blue,
361,412,"House 1, Floor 1, Room 1",2022-03-10,blue,,blue,
362,412,"House 1, Floor 1, Room 1",2022-03-11,blue,,blue,
363,412,"House 1, Floor 1, Room 1",2022-03-12,blue,,blue,
364,412,"House 1, Floor 1, Room 1",2022-03-13,blue,,blue,
365,412,"House 1, Floor 1, Room 1",2022-03-14,blue,,blue,
515,412,"House 1, Floor 1, Room 1",2022-03-14,blue,,blue,
516,412,"House 1, Floor 1, Room 1",2022-03-15,blue,,blue,
366,412,"House 1, Floor 1, Room 1",2022-03-16,blue,27.44,blue,
367,412,"House 1, Floor 1, Room 1",2022-03-17,blue,28.0,blue,35.0
368,412,"House 1, Floor 1, Room 1",2022-03-18,yellow,28.02,red,31.0
369,412,"House 1, Floor 1, Room 1",2022-03-19,yellow,27.59,red,34.0
370,412,"House 1, Floor 1, Room 1",2022-03-20,yellow,26.84,red,29.0
371,412,"House 1, Floor 1, Room 1",2022-03-21,yellow,26.17,red,34.0
372,412,"House 1, Floor 1, Room 1",2022-03-22,yellow,26.8,red,36.0
373,412,"House 1, Floor 1, Room 1",2022-03-23,yellow,26.9,red,36.0
374,412,"House 1, Floor 1, Room 1",2022-03-24,yellow,26.67,red,32.0
375,412,"House 1, Floor 1, Room 1",2022-03-25,yellow,26.23,red,38.0
376,412,"House 1, Floor 1, Room 1",2022-03-26,yellow,26.4,red,34.0
377,412,"House 1, Floor 1, Room 1",2022-03-27,yellow,26.23,red,40.0
378,412,"House 1, Floor 1, Room 1",2022-03-28,yellow,26.08,red,37.0
379,412,"House 1, Floor 1, Room 1",2022-03-29,yellow,25.76,red,28.0
380,412,"House 1, Floor 1, Room 1",2022-03-30,yellow,25.76,red,31.0
381,412,"House 1, Floor 1, Room 1",2022-03-31,yellow,25.83,red,28.0
382,412,"House 1, Floor 1, Room 1",2022-04-01,yellow,25.39,red,20.0
383,412,"House 1, Floor 1, Room 1",2022-04-02,yellow,24.73,red,22.0
384,412,"House 1, Floor 1, Room 1",2022-04-03,yellow,24.66,red,19.0
385,412,"House 1, Floor 1, Room 1",2022-04-04,yellow,24.07,red,17.0
386,412,"House 1, Floor 1, Room 1",2022-04-05,yellow,24.02,red,18.0
387,412,"House 1, Floor 1, Room 1",2022-04-06,yellow,24.11,red,17.0
388,412,"House 1, Floor 1, Room 1",2022-04-07,yellow,24.52,red,12.0
389,412,"House 1, Floor 1, Room 1",2022-04-08,yellow,24.69,red,9.0
390,412,"House 1, Floor 1, Room 1",2022-04-09,yellow,24.64,red,6.0
391,412,"House 1, Floor 1, Room 1",2022-04-10,yellow,24.27,red,2.0
392,412,"House 1, Floor 1, Room 1",2022-04-11,yellow,23.83,red,2.0
393,412,"House 1, Floor 1, Room 1",2022-04-12,yellow,23.92,red,7.0
394,412,"House 1, Floor 1, Room 1",2022-04-13,yellow,23.36,red,2.0
395,412,"House 1, Floor 1, Room 1",2022-04-14,yellow,23.85,red,7.0
396,412,"House 1, Floor 1, Room 1",2022-04-15,red,23.29,red,8.0
397,412,"House 1, Floor 1, Room 1",2022-04-16,yellow,22.86,red,8.0
398,412,"House 1, Floor 1, Room 1",2022-04-17,yellow,22.7,red,8.0
399,412,"House 1, Floor 1, Room 1",2022-04-18,yellow,22.54,red,10.0
400,412,"House 1, Floor 1, Room 1",2022-04-19,yellow,22.81,red,10.0
401,412,"House 1, Floor 1, Room 1",2022-04-20,yellow,21.93,red,6.0
402,412,"House 1, Floor 1, Room 1",2022-04-21,green,22.38,red,8.0
403,412,"House 1, Floor 1, Room 1",2022-04-22,green,22.89,red,11.0
404,412,"House 1, Floor 1, Room 1",2022-04-23,yellow,22.72,red,17.0
405,412,"House 1, Floor 1, Room 1",2022-04-24,yellow,19.86,red,8.0
406,412,"House 1, Floor 1, Room 1",2022-04-25,yellow,20.46,red,12.0
407,412,"House 1, Floor 1, Room 1",2022-04-26,green,21.68,red,10.0
408,412,"House 1, Floor 1, Room 1",2022-04-27,green,20.94,red,13.0
409,412,"House 1, Floor 1, Room 1",2022-04-28,green,21.45,red,21.0
410,412,"House 1, Floor 1, Room 1",2022-04-29,green,20.41,red,23.0
411,412,"House 1, Floor 1, Room 1",2022-04-30,green,19.71,red,28.0
412,412,"House 1, Floor 1, Room 1",2022-05-01,green,19.28,red,29.0
413,412,"House 1, Floor 1, Room 1",2022-05-02,green,19.39,red,33.0
414,412,"House 1, Floor 1, Room 1",2022-05-03,green,19.19,red,31.0
415,412,"House 1, Floor 1, Room 1",2022-05-04,green,19.01,red,28.0
416,412,"House 1, Floor 1, Room 1",2022-05-05,green,19.1,red,36.0
417,412,"House 1, Floor 1, Room 1",2022-05-06,green,20.14,red,34.0
418,412,"House 1, Floor 1, Room 1",2022-05-07,green,20.62,red,31.0
419,412,"House 1, Floor 1, Room 1",2022-05-08,green,19.72,red,40.0
420,412,"House 1, Floor 1, Room 1",2022-05-09,red,24.92,yellow,58.0
421,412,"House 1, Floor 1, Room 1",2022-05-10,yellow,22.69,yellow,57.0
422,412,"House 1, Floor 1, Room 1",2022-05-11,yellow,27.33,green,78.0
423,412,"House 1, Floor 1, Room 1",2022-05-12,red,28.09,green,79.0
424,412,"House 1, Floor 1, Room 1",2022-05-13,red,22.25,green,78.0
425,412,"House 1, Floor 1, Room 1",2022-05-14,yellow,22.31,green,78.0
426,412,"House 1, Floor 1, Room 1",2022-05-15,red,20.62,green,79.0
427,412,"House 1, Floor 1, Room 1",2022-05-16,red,22.09,green,79.0
428,412,"House 1, Floor 1, Room 1",2022-05-17,green,20.07,green,76.0
429,412,"House 1, Floor 1, Room 1",2022-05-18,red,22.48,green,81.0
430,412,"House 1, Floor 1, Room 1",2022-05-19,red,24.98,green,80.0
431,412,"House 1, Floor 1, Room 1",2022-05-20,green,19.28,green,77.0
432,412,"House 1, Floor 1, Room 1",2022-05-21,yellow,17.35,green,76.0
433,412,"House 1, Floor 1, Room 1",2022-05-22,yellow,18.29,green,80.0
434,412,"House 1, Floor 1, Room 1",2022-05-23,green,18.22,green,86.0
435,412,"House 1, Floor 1, Room 1",2022-05-24,green,17.57,green,81.0
436,412,"House 1, Floor 1, Room 1",2022-05-25,green,16.75,green,73.0
437,412,"House 1, Floor 1, Room 1",2022-05-26,yellow,16.9,green,77.0
438,412,"House 1, Floor 1, Room 1",2022-05-27,yellow,20.37,green,81.0
439,412,"House 1, Floor 1, Room 1",2022-05-28,yellow,24.78,green,84.0
440,412,"House 1, Floor 1, Room 1",2022-05-29,green,25.46,green,91.0
441,412,"House 1, Floor 1, Room 1",2022-05-30,red,25.38,green,89.0
442,412,"House 1, Floor 1, Room 1",2022-05-31,yellow,21.21,green,82.0
443,412,"House 1, Floor 1, Room 1",2022-06-01,yellow,19.46,green,82.0
444,412,"House 1, Floor 1, Room 1",2022-06-02,red,20.53,green,84.0
445,412,"House 1, Floor 1, Room 1",2022-06-03,yellow,21.11,green,77.0
446,412,"House 1, Floor 1, Room 1",2022-06-04,green,20.61,green,65.0
447,412,"House 1, Floor 1, Room 1",2022-06-05,green,21.9,yellow,56.0
448,412,"House 1, Floor 1, Room 1",2022-06-06,green,21.37,yellow,46.0
449,412,"House 1, Floor 1, Room 1",2022-06-07,green,21.24,red,37.0
450,412,"House 1, Floor 1, Room 1",2022-06-08,yellow,21.44,red,31.0
451,412,"House 1, Floor 1, Room 1",2022-06-09,green,20.37,red,31.0
452,412,"House 1, Floor 1, Room 1",2022-06-10,green,22.21,red,34.0
453,412,"House 1, Floor 1, Room 1",2022-06-11,yellow,24.24,green,72.0
454,412,"House 1, Floor 1, Room 1",2022-06-12,yellow,26.13,green,82.0
455,412,"House 1, Floor 1, Room 1",2022-06-13,yellow,30.01,green,86.0
456,412,"House 1, Floor 1, Room 1",2022-06-14,yellow,30.23,green,87.0
457,412,"House 1, Floor 1, Room 1",2022-06-15,green,22.61,green,91.0
458,412,"House 1, Floor 1, Room 1",2022-06-16,red,25.05,green,84.0
459,412,"House 1, Floor 1, Room 1",2022-06-17,red,24.82,green,86.0
460,412,"House 1, Floor 1, Room 1",2022-06-18,yellow,26.96,green,86.0
461,412,"House 1, Floor 1, Room 1",2022-06-19,yellow,28.26,green,85.0
462,412,"House 1, Floor 1, Room 1",2022-06-20,yellow,29.74,green,86.0
463,412,"House 1, Floor 1, Room 1",2022-06-21,red,27.04,green,88.0
464,412,"House 1, Floor 1, Room 1",2022-06-22,red,24.75,green,87.0
465,412,"House 1, Floor 1, Room 1",2022-06-23,yellow,25.34,green,89.0
466,412,"House 1, Floor 1, Room 1",2022-06-24,yellow,25.96,green,92.0
467,412,"House 1, Floor 1, Room 1",2022-06-25,yellow,24.96,green,91.0
468,412,"House 1, Floor 1, Room 1",2022-06-26,red,21.67,green,81.0
469,412,"House 1, Floor 1, Room 1",2022-06-27,yellow,21.98,green,84.0
470,412,"House 1, Floor 1, Room 1",2022-06-28,red,24.79,green,82.0
471,412,"House 1, Floor 1, Room 1",2022-06-29,yellow,26.69,green,78.0
472,412,"House 1, Floor 1, Room 1",2022-06-30,yellow,27.17,green,85.0
473,412,"House 1, Floor 1, Room 1",2022-07-01,yellow,24.18,green,83.0
474,412,"House 1, Floor 1, Room 1",2022-07-02,yellow,23.67,green,79.0
475,412,"House 1, Floor 1, Room 1",2022-07-03,yellow,25.24,green,83.0
476,412,"House 1, Floor 1, Room 1",2022-07-04,yellow,27.37,green,89.0
477,412,"House 1, Floor 1, Room 1",2022-07-05,red,27.5,green,88.0
478,412,"House 1, Floor 1, Room 1",2022-07-06,green,23.9,green,91.0
479,412,"House 1, Floor 1, Room 1",2022-07-07,green,24.46,green,89.0
480,412,"House 1, Floor 1, Room 1",2022-07-08,yellow,24.61,green,92.0
481,412,"House 1, Floor 1, Room 1",2022-07-09,yellow,24.61,green,89.0
482,412,"House 1, Floor 1, Room 1",2022-07-10,green,26.49,green,94.0
483,412,"House 1, Floor 1, Room 1",2022-07-11,yellow,25.05,green,93.0
484,412,"House 1, Floor 1, Room 1",2022-07-12,yellow,23.8,green,91.0
485,412,"House 1, Floor 1, Room 1",2022-07-13,yellow,25.08,green,94.0
486,412,"House 1, Floor 1, Room 1",2022-07-14,green,26.61,green,94.0
487,412,"House 1, Floor 1, Room 1",2022-07-15,yellow,28.19,green,97.0
488,412,"House 1, Floor 1, Room 1",2022-07-16,green,24.35,green,93.0
489,412,"House 1, Floor 1, Room 1",2022-07-17,yellow,25.23,green,94.0
490,412,"House 1, Floor 1, Room 1",2022-07-18,yellow,25.67,green,94.0
491,412,"House 1, Floor 1, Room 1",2022-07-19,red,26.86,green,96.0
492,412,"House 1, Floor 1, Room 1",2022-07-20,red,25.69,green,96.0
493,412,"House 1, Floor 1, Room 1",2022-07-21,red,25.58,green,94.0
494,412,"House 1, Floor 1, Room 1",2022-07-22,yellow,26.19,green,94.0
495,412,"House 1, Floor 1, Room 1",2022-07-23,red,28.11,green,95.0
496,412,"House 1, Floor 1, Room 1",2022-07-24,yellow,24.71,green,94.0
497,412,"House 1, Floor 1, Room 1",2022-07-25,green,21.46,green,89.0
498,412,"House 1, Floor 1, Room 1",2022-07-26,yellow,23.21,green,94.0
499,412,"House 1, Floor 1, Room 1",2022-07-27,yellow,24.39,green,96.0
500,412,"House 1, Floor 1, Room 1",2022-07-28,blue,22.36,blue,
517,412,"House 1, Floor 1, Room 1",2022-07-29,blue,,blue,
518,412,"House 1, Floor 1, Room 1",2022-07-30,blue,,blue,
519,412,"House 1, Floor 1, Room 1",2022-07-31,blue,,blue,
520,412,"House 1, Floor 1, Room 1",2022-08-01,blue,,blue,
501,412,"House 1, Floor 1, Room 1",2022-08-02,green,30.26,blue,
502,412,"House 1, Floor 1, Room 1",2022-08-03,yellow,29.17,green,97.0
503,412,"House 1, Floor 1, Room 1",2022-08-04,yellow,28.99,green,97.0
504,412,"House 1, Floor 1, Room 1",2022-08-05,yellow,28.87,green,97.0
505,412,"House 1, Floor 1, Room 1",2022-08-06,yellow,29.85,green,82.0
506,412,"House 1, Floor 1, Room 1",2022-08-07,green,27.56,green,65.0
507,412,"House 1, Floor 1, Room 1",2022-08-08,yellow,26.19,yellow,54.0
508,412,"House 1, Floor 1, Room 1",2022-08-09,yellow,27.36,yellow,59.0
509,412,"House 1, Floor 1, Room 1",2022-08-10,yellow,28.01,green,64.0
510,412,"House 1, Floor 1, Room 1",2022-08-11,yellow,27.88,green,66.0
511,412,"House 1, Floor 1, Room 1",2022-08-12,green,27.74,green,80.0
512,412,"House 1, Floor 1, Room 1",2022-08-13,yellow,26.62,green,83.0
513,412,"House 1, Floor 1, Room 1",2022-08-14,green,25.29,green,85.0
514,412,"House 1, Floor 1, Room 1",2022-08-15,yellow,24.48,green,77.0
673,413,"House 1, Floor 1, Room 2",2021-03-15,green,,blue,
541,413,"House 1, Floor 1, Room 2",2021-03-16,green,25.04,blue,
542,413,"House 1, Floor 1, Room 2",2021-03-17,red,23.05,blue,
543,413,"House 1, Floor 1, Room 2",2021-03-18,red,23.45,yellow,76.0
544,413,"House 1, Floor 1, Room 2",2021-03-19,red,22.99,yellow,71.0
545,413,"House 1, Floor 1, Room 2",2021-03-20,green,22.51,yellow,46.0
546,413,"House 1, Floor 1, Room 2",2021-03-21,green,22.13,red,36.0
547,413,"House 1, Floor 1, Room 2",2021-03-22,green,22.5,red,26.0
548,413,"House 1, Floor 1, Room 2",2021-03-23,green,22.69,red,24.0
549,413,"House 1, Floor 1, Room 2",2021-03-24,green,22.67,red,18.0
550,413,"House 1, Floor 1, Room 2",2021-03-25,green,21.99,red,21.0
551,413,"House 1, Floor 1, Room 2",2021-03-26,green,21.37,red,28.0
552,413,"House 1, Floor 1, Room 2",2021-03-27,green,21.15,red,32.0
553,413,"House 1, Floor 1, Room 2",2021-03-28,green,20.8,red,29.0
554,413,"House 1, Floor 1, Room 2",2021-03-29,yellow,22.23,red,43.0
555,413,"House 1, Floor 1, Room 2",2021-03-30,yellow,20.75,red,37.0
556,413,"House 1, Floor 1, Room 2",2021-03-31,red,20.86,red,46.0
557,413,"House 1, Floor 1, Room 2",2021-04-01,green,21.31,red,52.0
558,413,"House 1, Floor 1, Room 2",2021-04-02,yellow,21.3,yellow,70.0
559,413,"House 1, Floor 1, Room 2",2021-04-03,red,22.06,red,69.0
560,413,"House 1, Floor 1, Room 2",2021-04-04,yellow,22.9,yellow,78.0
561,413,"House 1, Floor 1, Room 2",2021-04-05,green,24.32,yellow,88.0
562,413,"House 1, Floor 1, Room 2",2021-04-06,green,23.31,yellow,88.0
563,413,"House 1, Floor 1, Room 2",2021-04-07,green,21.1,yellow,80.0
564,413,"House 1, Floor 1, Room 2",2021-04-08,green,19.39,yellow,69.0
565,413,"House 1, Floor 1, Room 2",2021-04-09,green,19.53,yellow,73.0
566,413,"House 1, Floor 1, Room 2",2021-04-10,yellow,19.44,yellow,77.0
567,413,"House 1, Floor 1, Room 2",2021-04-11,yellow,19.41,green,82.0
568,413,"House 1, Floor 1, Room 2",2021-04-12,green,18.48,green,85.0
569,413,"House 1, Floor 1, Room 2",2021-04-13,green,17.85,green,86.0
570,413,"House 1, Floor 1, Room 2",2021-04-14,yellow,17.55,green,89.0
571,413,"House 1, Floor 1, Room 2",2021-04-15,green,17.68,green,89.0
572,413,"House 1, Floor 1, Room 2",2021-04-16,green,18.1,green,84.0
573,413,"House 1, Floor 1, Room 2",2021-04-17,green,18.15,green,87.0
574,413,"House 1, Floor 1, Room 2",2021-04-18,yellow,18.97,green,89.0
575,413,"House 1, Floor 1, Room 2",2021-04-19,yellow,16.65,green,86.0
576,413,"House 1, Floor 1, Room 2",2021-04-20,yellow,16.7,green,89.0
577,413,"House 1, Floor 1, Room 2",2021-04-21,yellow,16.86,green,92.0
578,413,"House 1, Floor 1, Room 2",2021-04-22,yellow,18.06,green,88.0
579,413,"House 1, Floor 1, Room 2",2021-04-23,yellow,18.8,green,92.0
580,413,"House 1, Floor 1, Room 2",2021-04-24,yellow,17.58,green,90.0
581,413,"House 1, Floor 1, Room 2",2021-04-25,yellow,19.03,green,93.0
582,413,"House 1, Floor 1, Room 2",2021-04-26,red,22.81,green,96.0
583,413,"House 1, Floor 1, Room 2",2021-04-27,yellow,19.96,green,98.0
584,413,"House 1, Floor 1, Room 2",2021-04-28,green,19.4,green,95.0
585,413,"House 1, Floor 1, Room 2",2021-04-29,yellow,19.45,green,91.0
586,413,"House 1, Floor 1, Room 2",2021-04-30,yellow,20.35,green,95.0
587,413,"House 1, Floor 1, Room 2",2021-05-01,red,25.47,green,98.0
588,413,"House 1, Floor 1, Room 2",2021-05-02,red,23.72,green,97.0
589,413,"House 1, Floor 1, Room 2",2021-05-03,yellow,20.37,green,95.0
590,413,"House 1, Floor 1, Room 2",2021-05-04,yellow,17.28,green,94.0
591,413,"House 1, Floor 1, Room 2",2021-05-05,yellow,17.58,green,95.0
592,413,"House 1, Floor 1, Room 2",2021-05-06,yellow,17.98,green,97.0
593,413,"House 1, Floor 1, Room 2",2021-05-07,yellow,16.21,green,98.0
674,413,"House 1, Floor 1, Room 2",2021-05-08,green,,green,97.0
675,413,"House 1, Floor 1, Room 2",2021-05-09,yellow,,green,96.0
594,413,"House 1, Floor 1, Room 2",2021-05-10,yellow,18.04,green,98.0
595,413,"House 1, Floor 1, Room 2",2021-05-11,yellow,17.24,green,97.0
596,413,"House 1, Floor 1, Room 2",2021-05-12,yellow,18.08,green,96.0
597,413,"House 1, Floor 1, Room 2",2021-05-13,yellow,19.1,green,99.0
598,413,"House 1, Floor 1, Room 2",2021-05-14,yellow,18.93,green,99.0
599,413,"House 1, Floor 1, Room 2",2021-05-15,yellow,20.5,green,99.0
600,413,"House 1, Floor 1, Room 2",2021-05-16,green,20.35,green,99.0
601,413,"House 1, Floor 1, Room 2",2021-05-17,green,20.16,green,98.0
602,413,"House 1, Floor 1, Room 2",2021-05-18,green,20.61,green,99.0
603,413,"House 1, Floor 1, Room 2",2021-05-19,blue,22.17,green,96.0
604,413,"House 1, Floor 1, Room 2",2021-05-20,green,22.13,green,97.0
605,413,"House 1, Floor 1, Room 2",2021-05-21,yellow,23.75,green,99.0
606,413,"House 1, Floor 1, Room 2",2021-05-22,yellow,24.18,green,97.0
607,413,"House 1, Floor 1, Room 2",2021-05-23,yellow,24.88,green,97.0
608,413,"House 1, Floor 1, Room 2",2021-05-24,yellow,24.98,green,98.0
609,413,"House 1, Floor 1, Room 2",2021-05-25,red,24.91,green,98.0
610,413,"House 1, Floor 1, Room 2",2021-05-26,yellow,21.78,green,98.0
611,413,"House 1, Floor 1, Room 2",2021-05-27,green,19.01,green,99.0
612,413,"House 1, Floor 1, Room 2",2021-05-28,green,16.34,green,96.0
613,413,"House 1, Floor 1, Room 2",2021-05-29,yellow,17.9,green,93.0
614,413,"House 1, Floor 1, Room 2",2021-05-30,yellow,19.04,green,93.0
615,413,"House 1, Floor 1, Room 2",2021-05-31,red,20.09,green,96.0
616,413,"House 1, Floor 1, Room 2",2021-06-01,red,22.02,green,99.0
617,413,"House 1, Floor 1, Room 2",2021-06-02,red,22.5,green,98.0
618,413,"House 1, Floor 1, Room 2",2021-06-03,yellow,24.73,green,99.0
619,413,"House 1, Floor 1, Room 2",2021-06-04,yellow,27.46,green,99.0
620,413,"House 1, Floor 1, Room 2",2021-06-05,yellow,28.35,green,98.0
621,413,"House 1, Floor 1, Room 2",2021-06-06,green,26.05,green,96.0
622,413,"House 1, Floor 1, Room 2",2021-06-07,yellow,27.38,green,96.0
623,413,"House 1, Floor 1, Room 2",2021-06-08,red,27.3,green,99.0
624,413,"House 1, Floor 1, Room 2",2021-06-09,red,27.65,green,99.0
625,413,"House 1, Floor 1, Room 2",2021-06-10,yellow,29.16,green,98.0
626,413,"House 1, Floor 1, Room 2",2021-06-11,red,25.96,green,99.0
627,413,"House 1, Floor 1, Room 2",2021-06-12,red,24.32,green,98.0
628,413,"House 1, Floor 1, Room 2",2021-06-13,red,25.99,green,98.0
629,413,"House 1, Floor 1, Room 2",2021-06-14,red,24.56,green,99.0
630,413,"House 1, Floor 1, Room 2",2021-06-15,red,24.93,green,96.0
631,413,"House 1, Floor 1, Room 2",2021-06-16,red,26.6,green,99.0
632,413,"House 1, Floor 1, Room 2",2021-06-17,red,30.92,green,98.0
633,413,"House 1, Floor 1, Room 2",2021-06-18,red,25.89,green,98.0
634,413,"House 1, Floor 1, Room 2",2021-06-19,yellow,24.13,green,98.0
635,413,"House 1, Floor 1, Room 2",2021-06-20,red,23.83,green,98.0
636,413,"House 1, Floor 1, Room 2",2021-06-21,red,19.76,green,98.0
637,413,"House 1, Floor 1, Room 2",2021-06-22,red,21.81,green,99.0
638,413,"House 1, Floor 1, Room 2",2021-06-23,yellow,25.77,green,98.0
639,413,"House 1, Floor 1, Room 2",2021-06-24,green,25.42,green,99.0
640,413,"House 1, Floor 1, Room 2",2021-06-25,green,22.75,green,99.0
641,413,"House 1, Floor 1, Room 2",2021-06-26,green,20.87,green,98.0
642,413,"House 1, Floor 1, Room 2",2021-06-27,yellow,22.7,green,98.0
643,413,"House 1, Floor 1, Room 2",2021-06-28,yellow,23.67,green,99.0
644,413,"House 1, Floor 1, Room 2",2021-06-29,yellow,24.37,green,96.0
645,413,"House 1, Floor 1, Room 2",2021-06-30,red,24.13,green,98.0
646,413,"House 1, Floor 1, Room 2",2021-07-01,red,23.92,green,96.0
647,413,"House 1, Floor 1, Room 2",2021-07-02,red,24.42,green,99.0
648,413,"House 1, Floor 1, Room 2",2021-07-03,yellow,24.95,green,99.0
649,413,"House 1, Floor 1, Room 2",2021-07-04,yellow,26.81,green,99.0
650,413,"House 1, Floor 1, Room 2",2021-07-05,yellow,27.61,green,99.0
651,413,"House 1, Floor 1, Room 2",2021-07-06,yellow,27.0,green,99.0
652,413,"House 1, Floor 1, Room 2",2021-07-07,green,21.53,green,99.0
653,413,"House 1, Floor 1, Room 2",2021-07-08,green,20.6,green,97.0
654,413,"House 1, Floor 1, Room 2",2021-07-09,yellow,23.96,green,95.0
655,413,"House 1, Floor 1, Room 2",2021-07-10,green,21.0,green,98.0
656,413,"House 1, Floor 1, Room 2",2021-07-11,yellow,22.15,green,97.0
657,413,"House 1, Floor 1, Room 2",2021-07-12,yellow,22.03,green,97.0
658,413,"House 1, Floor 1, Room 2",2021-07-13,yellow,23.15,green,96.0
659,413,"House 1, Floor 1, Room 2",2021-07-14,green,23.38,green,99.0
660,413,"House 1, Floor 1, Room 2",2021-07-15,yellow,22.34,green,99.0
661,413,"House 1, Floor 1, Room 2",2021-07-16,yellow,22.07,green,99.0
662,413,"House 1, Floor 1, Room 2",2021-07-17,yellow,23.13,green,99.0
663,413,"House 1, Floor 1, Room 2",2021-07-18,red,23.16,green,99.0
664,413,"House 1, Floor 1, Room 2",2021-07-19,red,23.28,green,98.0
665,413,"House 1, Floor 1, Room 2",2021-07-20,red,23.57,green,98.0
666,413,"House 1, Floor 1, Room 2",2021-07-21,yellow,24.18,green,98.0
667,413,"House 1, Floor 1, Room 2",2021-07-22,yellow,25.2,green,99.0
668,413,"House 1, Floor 1, Room 2",2021-07-23,yellow,27.0,green,98.0
669,413,"House 1, Floor 1, Room 2",2021-07-24,red,27.06,green,97.0
670,413,"House 1, Floor 1, Room 2",2021-07-25,red,24.66,green,97.0
671,413,"House 1, Floor 1, Room 2",2021-07-26,red,24.96,green,97.0
521,413,"House 1, Floor 1, Room 2",2021-07-27,yellow,27.65,green,99.0
522,413,"House 1, Floor 1, Room 2",2021-07-28,yellow,28.78,green,83.0
523,413,"House 1, Floor 1, Room 2",2021-07-29,yellow,26.97,green,92.0
524,413,"House 1, Floor 1, Room 2",2021-07-30,green,22.13,green,98.0
525,413,"House 1, Floor 1, Room 2",2021-07-31,yellow,23.14,green,97.0
526,413,"House 1, Floor 1, Room 2",2021-08-01,green,19.64,blue,
676,413,"House 1, Floor 1, Room 2",2021-08-02,green,,blue,
677,413,"House 1, Floor 1, Room 2",2021-08-03,green,,blue,
678,413,"House 1, Floor 1, Room 2",2021-08-04,green,,blue,
679,413,"House 1, Floor 1, Room 2",2021-08-05,green,,blue,
680,413,"House 1, Floor 1, Room 2",2021-08-06,green,,blue,
681,413,"House 1, Floor 1, Room 2",2021-08-07,green,,blue,
682,413,"House 1, Floor 1, Room 2",2021-08-08,green,,blue,
683,413,"House 1, Floor 1, Room 2",2021-08-09,green,,blue,
684,413,"House 1, Floor 1, Room 2",2021-08-10,green,,blue,
685,413,"House 1, Floor 1, Room 2",2021-08-11,green,,blue,
686,413,"House 1, Floor 1, Room 2",2021-08-12,green,,blue,
687,413,"House 1, Floor 1, Room 2",2021-08-13,green,,blue,
688,413,"House 1, Floor 1, Room 2",2021-08-14,green,,blue,
689,413,"House 1, Floor 1, Room 2",2021-08-15,green,,blue,
690,413,"House 1, Floor 1, Room 2",2021-08-16,green,,blue,
691,413,"House 1, Floor 1, Room 2",2021-08-17,green,,blue,
692,413,"House 1, Floor 1, Room 2",2021-08-18,green,,blue,
693,413,"House 1, Floor 1, Room 2",2021-08-19,green,,blue,
694,413,"House 1, Floor 1, Room 2",2021-08-20,green,,blue,
695,413,"House 1, Floor 1, Room 2",2021-08-21,green,,blue,
696,413,"House 1, Floor 1, Room 2",2021-08-22,green,,blue,
697,413,"House 1, Floor 1, Room 2",2021-08-23,green,,blue,
698,413,"House 1, Floor 1, Room 2",2021-08-24,green,,blue,
699,413,"House 1, Floor 1, Room 2",2021-08-25,green,,blue,
700,413,"House 1, Floor 1, Room 2",2021-08-26,green,,blue,
701,413,"House 1, Floor 1, Room 2",2021-08-27,green,,blue,
702,413,"House 1, Floor 1, Room 2",2021-08-28,green,,blue,
703,413,"House 1, Floor 1, Room 2",2021-08-29,green,,blue,
527,413,"House 1, Floor 1, Room 2",2021-08-30,yellow,27.73,blue,
528,413,"House 1, Floor 1, Room 2",2021-08-31,yellow,25.73,green,83.0
529,413,"House 1, Floor 1, Room 2",2021-09-01,green,26.64,green,80.0
530,413,"House 1, Floor 1, Room 2",2021-09-02,green,25.58,green,72.0
531,413,"House 1, Floor 1, Room 2",2021-09-03,green,25.83,green,73.0
532,413,"House 1, Floor 1, Room 2",2021-09-04,green,25.74,green,79.0
533,413,"House 1, Floor 1, Room 2",2021-09-05,yellow,26.53,green,79.0
534,413,"House 1, Floor 1, Room 2",2021-09-06,green,27.46,green,76.0
535,413,"House 1, Floor 1, Room 2",2021-09-07,green,26.7,green,81.0
536,413,"House 1, Floor 1, Room 2",2021-09-08,green,25.88,yellow,55.0
537,413,"House 1, Floor 1, Room 2",2021-09-09,green,25.6,yellow,45.0
538,413,"House 1, Floor 1, Room 2",2021-09-10,yellow,26.47,red,36.0
539,413,"House 1, Floor 1, Room 2",2021-09-11,green,27.63,yellow,54.0
540,413,"House 1, Floor 1, Room 2",2021-09-12,yellow,25.95,yellow,52.0
672,413,"House 1, Floor 1, Room 2",2021-09-13,green,25.95,yellow,
704,413,"House 1, Floor 1, Room 2",2021-09-13,green,26.3,yellow,56.0
705,413,"House 1, Floor 1, Room 2",2021-09-14,yellow,25.18,yellow,54.0
706,413,"House 1, Floor 1, Room 2",2021-09-15,yellow,25.7,yellow,56.0
707,413,"House 1, Floor 1, Room 2",2021-09-16,green,27.29,green,69.0
708,413,"House 1, Floor 1, Room 2",2021-09-17,green,25.36,yellow,52.0
709,413,"House 1, Floor 1, Room 2",2021-09-18,green,26.18,yellow,52.0
710,413,"House 1, Floor 1, Room 2",2021-09-19,green,28.09,yellow,48.0
711,413,"House 1, Floor 1, Room 2",2021-09-20,green,25.7,yellow,43.0
712,413,"House 1, Floor 1, Room 2",2021-09-21,yellow,23.39,yellow,44.0
713,413,"House 1, Floor 1, Room 2",2021-09-22,yellow,23.36,red,30.0
714,413,"House 1, Floor 1, Room 2",2021-09-23,yellow,24.15,red,33.0
715,413,"House 1, Floor 1, Room 2",2021-09-24,yellow,23.38,red,31.0
716,413,"House 1, Floor 1, Room 2",2021-09-25,green,23.92,red,35.0
717,413,"House 1, Floor 1, Room 2",2021-09-26,yellow,25.15,red,22.0
718,413,"House 1, Floor 1, Room 2",2021-09-27,red,24.98,red,31.0
719,413,"House 1, Floor 1, Room 2",2021-09-28,yellow,26.09,red,34.0
720,413,"House 1, Floor 1, Room 2",2021-09-29,green,25.98,red,32.0
721,413,"House 1, Floor 1, Room 2",2021-09-30,yellow,26.05,red,31.0
722,413,"House 1, Floor 1, Room 2",2021-10-01,green,25.76,red,30.0
723,413,"House 1, Floor 1, Room 2",2021-10-02,green,24.79,red,24.0
724,413,"House 1, Floor 1, Room 2",2021-10-03,yellow,24.17,red,20.0
725,413,"House 1, Floor 1, Room 2",2021-10-04,yellow,22.57,red,20.0
726,413,"House 1, Floor 1, Room 2",2021-10-05,yellow,22.41,red,18.0
727,413,"House 1, Floor 1, Room 2",2021-10-06,green,22.86,red,18.0
728,413,"House 1, Floor 1, Room 2",2021-10-07,yellow,23.59,red,22.0
729,413,"House 1, Floor 1, Room 2",2021-10-08,yellow,24.31,red,27.0
730,413,"House 1, Floor 1, Room 2",2021-10-09,green,24.0,red,26.0
731,413,"House 1, Floor 1, Room 2",2021-10-10,yellow,22.73,red,28.0
732,413,"House 1, Floor 1, Room 2",2021-10-11,yellow,21.39,red,33.0
733,413,"House 1, Floor 1, Room 2",2021-10-12,yellow,21.79,red,34.0
734,413,"House 1, Floor 1, Room 2",2021-10-13,yellow,22.92,red,36.0
735,413,"House 1, Floor 1, Room 2",2021-10-14,yellow,20.72,red,31.0
736,413,"House 1, Floor 1, Room 2",2021-10-15,yellow,20.54,yellow,55.0
737,413,"House 1, Floor 1, Room 2",2021-10-16,yellow,20.25,yellow,53.0
738,413,"House 1, Floor 1, Room 2",2021-10-17,yellow,21.07,yellow,53.0
739,413,"House 1, Floor 1, Room 2",2021-10-18,yellow,22.37,yellow,55.0
740,413,"House 1, Floor 1, Room 2",2021-10-19,yellow,22.77,green,71.0
741,413,"House 1, Floor 1, Room 2",2021-10-20,yellow,21.09,green,66.0
742,413,"House 1, Floor 1, Room 2",2021-10-21,yellow,19.1,green,68.0
743,413,"House 1, Floor 1, Room 2",2021-10-22,green,19.2,yellow,55.0
744,413,"House 1, Floor 1, Room 2",2021-10-23,green,19.62,red,29.0
745,413,"House 1, Floor 1, Room 2",2021-10-24,yellow,19.58,red,28.0
746,413,"House 1, Floor 1, Room 2",2021-10-25,yellow,19.67,red,27.0
747,413,"House 1, Floor 1, Room 2",2021-10-26,green,20.52,red,34.0
748,413,"House 1, Floor 1, Room 2",2021-10-27,green,20.26,red,36.0
749,413,"House 1, Floor 1, Room 2",2021-10-28,yellow,19.51,yellow,50.0
750,413,"House 1, Floor 1, Room 2",2021-10-29,red,20.16,yellow,50.0
751,413,"House 1, Floor 1, Room 2",2021-10-30,yellow,22.14,yellow,49.0
752,413,"House 1, Floor 1, Room 2",2021-10-31,red,21.87,red,32.0
753,413,"House 1, Floor 1, Room 2",2021-11-01,yellow,21.27,red,19.0
754,413,"House 1, Floor 1, Room 2",2021-11-02,green,19.53,red,17.0
755,413,"House 1, Floor 1, Room 2",2021-11-03,green,19.78,red,13.0
756,413,"House 1, Floor 1, Room 2",2021-11-04,green,19.87,red,14.0
757,413,"House 1, Floor 1, Room 2",2021-11-05,green,20.08,red,25.0
758,413,"House 1, Floor 1, Room 2",2021-11-06,yellow,20.28,red,29.0
759,413,"House 1, Floor 1, Room 2",2021-11-07,green,20.17,red,29.0
760,413,"House 1, Floor 1, Room 2",2021-11-08,green,19.6,yellow,52.0
761,413,"House 1, Floor 1, Room 2",2021-11-09,green,18.85,yellow,54.0
762,413,"House 1, Floor 1, Room 2",2021-11-10,green,18.65,green,71.0
763,413,"House 1, Floor 1, Room 2",2021-11-11,green,18.11,green,72.0
764,413,"House 1, Floor 1, Room 2",2021-11-12,green,18.46,green,73.0
765,413,"House 1, Floor 1, Room 2",2021-11-13,green,18.1,green,70.0
766,413,"House 1, Floor 1, Room 2",2021-11-14,green,18.02,green,75.0
767,413,"House 1, Floor 1, Room 2",2021-11-15,green,18.09,green,71.0
768,413,"House 1, Floor 1, Room 2",2021-11-16,red,18.83,green,75.0
769,413,"House 1, Floor 1, Room 2",2021-11-17,green,18.15,green,81.0
770,413,"House 1, Floor 1, Room 2",2021-11-18,yellow,17.58,green,79.0
771,413,"House 1, Floor 1, Room 2",2021-11-19,green,17.61,green,82.0
772,413,"House 1, Floor 1, Room 2",2021-11-20,green,18.18,green,82.0
773,413,"House 1, Floor 1, Room 2",2021-11-21,green,17.57,green,76.0
774,413,"House 1, Floor 1, Room 2",2021-11-22,green,17.63,yellow,51.0
775,413,"House 1, Floor 1, Room 2",2021-11-23,green,19.65,red,31.0
776,413,"House 1, Floor 1, Room 2",2021-11-24,green,18.54,red,34.0
777,413,"House 1, Floor 1, Room 2",2021-11-25,yellow,16.75,yellow,54.0
778,413,"House 1, Floor 1, Room 2",2021-11-26,green,17.47,green,73.0
779,413,"House 1, Floor 1, Room 2",2021-11-27,yellow,18.47,green,77.0
780,413,"House 1, Floor 1, Room 2",2021-11-28,green,17.32,green,80.0
781,413,"House 1, Floor 1, Room 2",2021-11-29,yellow,19.11,green,84.0
782,413,"House 1, Floor 1, Room 2",2021-11-30,green,18.35,green,87.0
783,413,"House 1, Floor 1, Room 2",2021-12-01,green,19.36,green,82.0
784,413,"House 1, Floor 1, Room 2",2021-12-02,green,18.9,green,84.0
785,413,"House 1, Floor 1, Room 2",2021-12-03,yellow,18.0,green,80.0
786,413,"House 1, Floor 1, Room 2",2021-12-04,green,17.0,green,86.0
787,413,"House 1, Floor 1, Room 2",2021-12-05,green,17.98,green,87.0
788,413,"House 1, Floor 1, Room 2",2021-12-06,green,17.05,green,83.0
789,413,"House 1, Floor 1, Room 2",2021-12-07,yellow,17.09,green,85.0
790,413,"House 1, Floor 1, Room 2",2021-12-08,green,17.08,green,87.0
791,413,"House 1, Floor 1, Room 2",2021-12-09,green,17.83,green,82.0
792,413,"House 1, Floor 1, Room 2",2021-12-10,green,17.08,green,84.0
793,413,"House 1, Floor 1, Room 2",2021-12-11,green,17.19,green,84.0
794,413,"House 1, Floor 1, Room 2",2021-12-12,green,17.47,green,82.0
795,413,"House 1, Floor 1, Room 2",2021-12-13,green,17.33,green,80.0
796,413,"House 1, Floor 1, Room 2",2021-12-14,green,18.33,green,88.0
797,413,"House 1, Floor 1, Room 2",2021-12-15,yellow,21.02,green,91.0
798,413,"House 1, Floor 1, Room 2",2021-12-16,yellow,17.19,green,84.0
799,413,"House 1, Floor 1, Room 2",2021-12-17,green,16.93,green,80.0
800,413,"House 1, Floor 1, Room 2",2021-12-18,yellow,17.26,green,86.0
801,413,"House 1, Floor 1, Room 2",2021-12-19,green,17.11,green,88.0
802,413,"House 1, Floor 1, Room 2",2021-12-20,red,17.13,green,86.0
803,413,"House 1, Floor 1, Room 2",2021-12-21,yellow,16.88,green,89.0
804,413,"House 1, Floor 1, Room 2",2021-12-22,green,17.32,green,85.0
805,413,"House 1, Floor 1, Room 2",2021-12-23,green,17.55,green,86.0
806,413,"House 1, Floor 1, Room 2",2021-12-24,green,17.93,green,81.0
807,413,"House 1, Floor 1, Room 2",2021-12-25,red,17.39,green,83.0
808,413,"House 1, Floor 1, Room 2",2021-12-26,green,17.03,green,87.0
809,413,"House 1, Floor 1, Room 2",2021-12-27,yellow,17.36,green,86.0
810,413,"House 1, Floor 1, Room 2",2021-12-28,yellow,17.18,green,87.0
811,413,"House 1, Floor 1, Room 2",2021-12-29,red,16.55,green,91.0
812,413,"House 1, Floor 1, Room 2",2021-12-30,yellow,17.26,green,86.0
813,413,"House 1, Floor 1, Room 2",2021-12-31,yellow,17.6,green,85.0
814,413,"House 1, Floor 1, Room 2",2022-01-01,green,16.8,green,88.0
815,413,"House 1, Floor 1, Room 2",2022-01-02,red,16.14,green,91.0
816,413,"House 1, Floor 1, Room 2",2022-01-03,green,16.29,green,85.0
817,413,"House 1, Floor 1, Room 2",2022-01-04,green,17.64,green,80.0
818,413,"House 1, Floor 1, Room 2",2022-01-05,green,16.27,green,90.0
819,413,"House 1, Floor 1, Room 2",2022-01-06,green,16.23,green,88.0
820,413,"House 1, Floor 1, Room 2",2022-01-07,red,16.12,green,90.0
821,413,"House 1, Floor 1, Room 2",2022-01-08,green,17.16,green,87.0
822,413,"House 1, Floor 1, Room 2",2022-01-09,yellow,16.52,green,87.0
823,413,"House 1, Floor 1, Room 2",2022-01-10,green,17.41,green,78.0
824,413,"House 1, Floor 1, Room 2",2022-01-11,yellow,16.65,green,68.0
825,413,"House 1, Floor 1, Room 2",2022-01-12,yellow,17.56,green,74.0
826,413,"House 1, Floor 1, Room 2",2022-01-13,yellow,17.22,green,77.0
827,413,"House 1, Floor 1, Room 2",2022-01-14,red,16.71,green,77.0
828,413,"House 1, Floor 1, Room 2",2022-01-15,yellow,16.08,green,80.0
829,413,"House 1, Floor 1, Room 2",2022-01-16,yellow,16.56,green,82.0
830,413,"House 1, Floor 1, Room 2",2022-01-17,red,17.31,green,86.0
831,413,"House 1, Floor 1, Room 2",2022-01-18,green,19.42,green,86.0
832,413,"House 1, Floor 1, Room 2",2022-01-19,yellow,16.29,green,85.0
833,413,"House 1, Floor 1, Room 2",2022-01-20,red,16.9,green,78.0
834,413,"House 1, Floor 1, Room 2",2022-01-21,green,15.93,green,81.0
835,413,"House 1, Floor 1, Room 2",2022-01-22,green,16.3,green,81.0
836,413,"House 1, Floor 1, Room 2",2022-01-23,yellow,15.74,green,69.0
837,413,"House 1, Floor 1, Room 2",2022-01-24,yellow,16.25,green,78.0
838,413,"House 1, Floor 1, Room 2",2022-01-25,yellow,16.17,green,79.0
839,413,"House 1, Floor 1, Room 2",2022-01-26,green,16.23,green,82.0
840,413,"House 1, Floor 1, Room 2",2022-01-27,yellow,16.49,green,78.0
841,413,"House 1, Floor 1, Room 2",2022-01-28,green,16.41,green,84.0
842,413,"House 1, Floor 1, Room 2",2022-01-29,green,16.78,green,82.0
843,413,"House 1, Floor 1, Room 2",2022-01-30,green,16.64,green,82.0
844,413,"House 1, Floor 1, Room 2",2022-01-31,yellow,16.36,green,84.0
845,413,"House 1, Floor 1, Room 2",2022-02-01,blue,17.27,blue,
851,413,"House 1, Floor 1, Room 2",2022-02-02,blue,,blue,
852,413,"House 1, Floor 1, Room 2",2022-02-03,blue,,blue,
853,413,"House 1, Floor 1, Room 2",2022-02-04,blue,,blue,
854,413,"House 1, Floor 1, Room 2",2022-02-05,blue,,blue,
855,413,"House 1, Floor 1, Room 2",2022-02-06,blue,,blue,
846,413,"House 1, Floor 1, Room 2",2022-02-07,blue,29.62,blue,
856,413,"House 1, Floor 1, Room 2",2022-02-08,blue,,blue,
857,413,"House 1, Floor 1, Room 2",2022-02-09,blue,,blue,
858,413,"House 1, Floor 1, Room 2",2022-02-10,blue,,blue,
859,413,"House 1, Floor 1, Room 2",2022-02-11,blue,,blue,
860,413,"House 1, Floor 1, Room 2",2022-02-12,blue,,blue,
861,413,"House 1, Floor 1, Room 2",2022-02-13,blue,,blue,
862,413,"House 1, Floor 1, Room 2",2022-02-14,blue,,blue,
863,413,"House 1, Floor 1, Room 2",2022-02-15,blue,,blue,
864,413,"House 1, Floor 1, Room 2",2022-02-16,blue,,blue,
865,413,"House 1, Floor 1, Room 2",2022-02-17,blue,,blue,
866,413,"House 1, Floor 1, Room 2",2022-02-18,blue,,blue,
867,413,"House 1, Floor 1, Room 2",2022-02-19,blue,,blue,
868,413,"House 1, Floor 1, Room 2",2022-02-20,blue,,blue,
869,413,"House 1, Floor 1, Room 2",2022-02-21,blue,,blue,
870,413,"House 1, Floor 1, Room 2",2022-02-22,blue,,blue,
871,413,"House 1, Floor 1, Room 2",2022-02-23,blue,,blue,
872,413,"House 1, Floor 1, Room 2",2022-02-24,blue,,blue,
873,413,"House 1, Floor 1, Room 2",2022-02-25,blue,,blue,
874,413,"House 1, Floor 1, Room 2",2022-02-26,blue,,blue,
875,413,"House 1, Floor 1, Room 2",2022-02-27,blue,,blue,
876,413,"House 1, Floor 1, Room 2",2022-02-28,blue,,blue,
877,413,"House 1, Floor 1, Room 2",2022-03-01,blue,,blue,
878,413,"House 1, Floor 1, Room 2",2022-03-02,blue,,blue,
879,413,"House 1, Floor 1, Room 2",2022-03-03,blue,,blue,
880,413,"House 1, Floor 1, Room 2",2022-03-04,blue,,blue,
881,413,"House 1, Floor 1, Room 2",2022-03-05,blue,,blue,
882,413,"House 1, Floor 1, Room 2",2022-03-06,blue,,blue,
883,413,"House 1, Floor 1, Room 2",2022-03-07,blue,,blue,
884,413,"House 1, Floor 1, Room 2",2022-03-08,blue,,blue,
885,413,"House 1, Floor 1, Room 2",2022-03-09,blue,,blue,
886,413,"House 1, Floor 1, Room 2",2022-03-10,blue,,blue,
847,413,"House 1, Floor 1, Room 2",2022-03-11,blue,28.7,blue,
848,413,"House 1, Floor 1, Room 2",2022-03-12,green,28.27,blue,33.0
849,413,"House 1, Floor 1, Room 2",2022-03-13,green,25.39,blue,35.0
850,413,"House 1, Floor 1, Room 2",2022-03-14,red,25.44,blue,
887,413,"House 1, Floor 1, Room 2",2022-03-14,red,25.02,blue,36.0
888,413,"House 1, Floor 1, Room 2",2022-03-15,red,25.25,blue,38.0
889,413,"House 1, Floor 1, Room 2",2022-03-16,yellow,24.21,yellow,46.0
890,413,"House 1, Floor 1, Room 2",2022-03-17,yellow,23.86,yellow,48.0
891,413,"House 1, Floor 1, Room 2",2022-03-18,red,23.75,blue,
892,413,"House 1, Floor 1, Room 2",2022-03-19,red,23.91,red,39.0
893,413,"House 1, Floor 1, Room 2",2022-03-20,green,23.89,red,29.0
894,413,"House 1, Floor 1, Room 2",2022-03-21,yellow,22.46,red,28.0
895,413,"House 1, Floor 1, Room 2",2022-03-22,yellow,22.62,red,39.0
896,413,"House 1, Floor 1, Room 2",2022-03-23,red,23.37,red,40.0
897,413,"House 1, Floor 1, Room 2",2022-03-24,red,22.75,red,30.0
898,413,"House 1, Floor 1, Room 2",2022-03-25,yellow,22.2,yellow,53.0
899,413,"House 1, Floor 1, Room 2",2022-03-26,yellow,22.77,yellow,51.0
900,413,"House 1, Floor 1, Room 2",2022-03-27,yellow,22.66,yellow,56.0
901,413,"House 1, Floor 1, Room 2",2022-03-28,red,21.83,yellow,49.0
902,413,"House 1, Floor 1, Room 2",2022-03-29,green,20.83,yellow,54.0
903,413,"House 1, Floor 1, Room 2",2022-03-30,yellow,21.08,yellow,49.0
904,413,"House 1, Floor 1, Room 2",2022-03-31,red,21.35,yellow,57.0
905,413,"House 1, Floor 1, Room 2",2022-04-01,yellow,21.19,green,66.0
906,413,"House 1, Floor 1, Room 2",2022-04-02,red,20.5,yellow,56.0
907,413,"House 1, Floor 1, Room 2",2022-04-03,green,20.64,green,65.0
908,413,"House 1, Floor 1, Room 2",2022-04-04,yellow,20.33,yellow,50.0
909,413,"House 1, Floor 1, Room 2",2022-04-05,red,19.81,red,32.0
910,413,"House 1, Floor 1, Room 2",2022-04-06,red,19.33,red,20.0
911,413,"House 1, Floor 1, Room 2",2022-04-07,red,19.23,red,12.0
912,413,"House 1, Floor 1, Room 2",2022-04-08,red,19.33,red,13.0
913,413,"House 1, Floor 1, Room 2",2022-04-09,green,20.08,red,12.0
914,413,"House 1, Floor 1, Room 2",2022-04-10,yellow,20.41,red,13.0
915,413,"House 1, Floor 1, Room 2",2022-04-11,yellow,20.16,red,24.0
916,413,"House 1, Floor 1, Room 2",2022-04-12,yellow,21.01,red,31.0
917,413,"House 1, Floor 1, Room 2",2022-04-13,green,19.26,red,31.0
918,413,"House 1, Floor 1, Room 2",2022-04-14,green,18.26,red,37.0
919,413,"House 1, Floor 1, Room 2",2022-04-15,green,18.51,red,33.0
920,413,"House 1, Floor 1, Room 2",2022-04-16,yellow,17.96,red,39.0
921,413,"House 1, Floor 1, Room 2",2022-04-17,green,17.73,red,36.0
922,413,"House 1, Floor 1, Room 2",2022-04-18,yellow,17.37,red,37.0
923,413,"House 1, Floor 1, Room 2",2022-04-19,green,17.29,red,37.0
924,413,"House 1, Floor 1, Room 2",2022-04-20,green,17.61,red,31.0
925,413,"House 1, Floor 1, Room 2",2022-04-21,green,19.56,yellow,54.0
926,413,"House 1, Floor 1, Room 2",2022-04-22,green,21.93,yellow,60.0
927,413,"House 1, Floor 1, Room 2",2022-04-23,yellow,23.17,green,71.0
928,413,"House 1, Floor 1, Room 2",2022-04-24,green,18.26,green,66.0
929,413,"House 1, Floor 1, Room 2",2022-04-25,green,17.79,green,69.0
930,413,"House 1, Floor 1, Room 2",2022-04-26,yellow,18.7,green,71.0
931,413,"House 1, Floor 1, Room 2",2022-04-27,green,19.35,green,69.0
932,413,"House 1, Floor 1, Room 2",2022-04-28,green,20.62,green,80.0
933,413,"House 1, Floor 1, Room 2",2022-04-29,green,20.14,green,78.0
934,413,"House 1, Floor 1, Room 2",2022-04-30,green,18.93,green,81.0
935,413,"House 1, Floor 1, Room 2",2022-05-01,green,18.18,green,86.0
936,413,"House 1, Floor 1, Room 2",2022-05-02,green,17.06,green,87.0
937,413,"House 1, Floor 1, Room 2",2022-05-03,yellow,17.47,green,88.0
938,413,"House 1, Floor 1, Room 2",2022-05-04,green,18.01,green,83.0
939,413,"House 1, Floor 1, Room 2",2022-05-05,green,18.57,green,85.0
940,413,"House 1, Floor 1, Room 2",2022-05-06,yellow,19.86,green,88.0
941,413,"House 1, Floor 1, Room 2",2022-05-07,green,20.68,green,89.0
942,413,"House 1, Floor 1, Room 2",2022-05-08,green,19.56,green,89.0
943,413,"House 1, Floor 1, Room 2",2022-05-09,red,25.18,green,96.0
944,413,"House 1, Floor 1, Room 2",2022-05-10,green,22.63,green,95.0
945,413,"House 1, Floor 1, Room 2",2022-05-11,yellow,27.35,green,95.0
946,413,"House 1, Floor 1, Room 2",2022-05-12,red,27.69,green,96.0
947,413,"House 1, Floor 1, Room 2",2022-05-13,red,22.42,green,93.0
948,413,"House 1, Floor 1, Room 2",2022-05-14,yellow,22.16,green,93.0
949,413,"House 1, Floor 1, Room 2",2022-05-15,yellow,20.59,green,91.0
950,413,"House 1, Floor 1, Room 2",2022-05-16,yellow,21.79,green,93.0
951,413,"House 1, Floor 1, Room 2",2022-05-17,green,20.91,green,96.0
952,413,"House 1, Floor 1, Room 2",2022-05-18,red,22.69,green,94.0
953,413,"House 1, Floor 1, Room 2",2022-05-19,red,25.48,green,96.0
954,413,"House 1, Floor 1, Room 2",2022-05-20,yellow,20.18,green,93.0
955,413,"House 1, Floor 1, Room 2",2022-05-21,yellow,17.85,green,86.0
956,413,"House 1, Floor 1, Room 2",2022-05-22,yellow,18.31,green,92.0
957,413,"House 1, Floor 1, Room 2",2022-05-23,green,19.43,green,88.0
958,413,"House 1, Floor 1, Room 2",2022-05-24,green,18.79,green,81.0
959,413,"House 1, Floor 1, Room 2",2022-05-25,green,17.6,green,64.0
960,413,"House 1, Floor 1, Room 2",2022-05-26,yellow,17.73,green,80.0
961,413,"House 1, Floor 1, Room 2",2022-05-27,yellow,20.73,green,88.0
962,413,"House 1, Floor 1, Room 2",2022-05-28,red,25.25,green,93.0
963,413,"House 1, Floor 1, Room 2",2022-05-29,green,25.5,green,95.0
964,413,"House 1, Floor 1, Room 2",2022-05-30,red,25.19,green,87.0
965,413,"House 1, Floor 1, Room 2",2022-05-31,yellow,21.67,yellow,42.0
966,413,"House 1, Floor 1, Room 2",2022-06-01,yellow,20.1,green,77.0
967,413,"House 1, Floor 1, Room 2",2022-06-02,red,20.9,red,25.0
968,413,"House 1, Floor 1, Room 2",2022-06-03,red,21.19,red,37.0
969,413,"House 1, Floor 1, Room 2",2022-06-04,green,21.15,red,32.0
970,413,"House 1, Floor 1, Room 2",2022-06-05,green,22.25,red,18.0
971,413,"House 1, Floor 1, Room 2",2022-06-06,green,21.4,red,20.0
972,413,"House 1, Floor 1, Room 2",2022-06-07,green,21.63,red,39.0
973,413,"House 1, Floor 1, Room 2",2022-06-08,yellow,21.9,yellow,58.0
974,413,"House 1, Floor 1, Room 2",2022-06-09,green,21.12,green,81.0
975,413,"House 1, Floor 1, Room 2",2022-06-10,green,22.77,green,84.0
976,413,"House 1, Floor 1, Room 2",2022-06-11,yellow,24.06,green,87.0
977,413,"House 1, Floor 1, Room 2",2022-06-12,yellow,26.03,green,87.0
978,413,"House 1, Floor 1, Room 2",2022-06-13,yellow,30.07,green,89.0
979,413,"House 1, Floor 1, Room 2",2022-06-14,red,30.17,green,84.0
980,413,"House 1, Floor 1, Room 2",2022-06-15,green,22.44,green,89.0
981,413,"House 1, Floor 1, Room 2",2022-06-16,red,25.1,green,95.0
982,413,"House 1, Floor 1, Room 2",2022-06-17,red,25.04,green,89.0
983,413,"House 1, Floor 1, Room 2",2022-06-18,yellow,27.0,green,94.0
984,413,"House 1, Floor 1, Room 2",2022-06-19,yellow,28.28,green,92.0
985,413,"House 1, Floor 1, Room 2",2022-06-20,yellow,29.81,green,95.0
986,413,"House 1, Floor 1, Room 2",2022-06-21,red,26.72,green,93.0
987,413,"House 1, Floor 1, Room 2",2022-06-22,red,25.11,green,89.0
988,413,"House 1, Floor 1, Room 2",2022-06-23,yellow,25.56,green,89.0
989,413,"House 1, Floor 1, Room 2",2022-06-24,yellow,25.89,green,93.0
990,413,"House 1, Floor 1, Room 2",2022-06-25,yellow,24.54,green,91.0
991,413,"House 1, Floor 1, Room 2",2022-06-26,yellow,22.14,green,89.0
992,413,"House 1, Floor 1, Room 2",2022-06-27,yellow,22.65,green,87.0
993,413,"House 1, Floor 1, Room 2",2022-06-28,red,25.1,green,92.0
994,413,"House 1, Floor 1, Room 2",2022-06-29,yellow,27.14,green,88.0
995,413,"House 1, Floor 1, Room 2",2022-06-30,yellow,27.0,green,91.0
996,413,"House 1, Floor 1, Room 2",2022-07-01,yellow,23.83,green,91.0
997,413,"House 1, Floor 1, Room 2",2022-07-02,yellow,24.11,green,91.0
998,413,"House 1, Floor 1, Room 2",2022-07-03,yellow,25.24,green,93.0
999,413,"House 1, Floor 1, Room 2",2022-07-04,yellow,27.32,green,96.0
1000,413,"House 1, Floor 1, Room 2",2022-07-05,red,27.52,green,95.0
1001,413,"House 1, Floor 1, Room 2",2022-07-06,green,23.67,green,94.0
1002,413,"House 1, Floor 1, Room 2",2022-07-07,green,24.08,green,92.0
1003,413,"House 1, Floor 1, Room 2",2022-07-08,yellow,24.06,green,94.0
1004,413,"House 1, Floor 1, Room 2",2022-07-09,yellow,24.36,green,94.0
1005,413,"House 1, Floor 1, Room 2",2022-07-10,yellow,26.39,green,96.0
1006,413,"House 1, Floor 1, Room 2",2022-07-11,yellow,24.55,green,95.0
1007,413,"House 1, Floor 1, Room 2",2022-07-12,yellow,23.59,green,94.0
1008,413,"House 1, Floor 1, Room 2",2022-07-13,yellow,25.21,green,95.0
1009,413,"House 1, Floor 1, Room 2",2022-07-14,green,26.49,green,94.0
1010,413,"House 1, Floor 1, Room 2",2022-07-15,yellow,27.89,green,95.0
1011,413,"House 1, Floor 1, Room 2",2022-07-16,green,24.03,green,94.0
1012,413,"House 1, Floor 1, Room 2",2022-07-17,red,24.85,green,92.0
1013,413,"House 1, Floor 1, Room 2",2022-07-18,yellow,25.75,green,92.0
1014,413,"House 1, Floor 1, Room 2",2022-07-19,red,26.51,green,95.0
1015,413,"House 1, Floor 1, Room 2",2022-07-20,red,25.24,green,96.0
1016,413,"House 1, Floor 1, Room 2",2022-07-21,red,25.6,green,95.0
1017,413,"House 1, Floor 1, Room 2",2022-07-22,yellow,26.11,green,96.0
1018,413,"House 1, Floor 1, Room 2",2022-07-23,red,28.06,green,95.0
1019,413,"House 1, Floor 1, Room 2",2022-07-24,yellow,24.28,green,95.0
1020,413,"House 1, Floor 1, Room 2",2022-07-25,green,21.61,green,96.0
1021,413,"House 1, Floor 1, Room 2",2022-07-26,yellow,23.53,green,93.0
1022,413,"House 1, Floor 1, Room 2",2022-07-27,yellow,24.37,green,96.0
1023,413,"House 1, Floor 1, Room 2",2022-07-28,blue,21.16,blue,
1038,413,"House 1, Floor 1, Room 2",2022-07-29,blue,,blue,
1039,413,"House 1, Floor 1, Room 2",2022-07-30,blue,,blue,
1040,413,"House 1, Floor 1, Room 2",2022-07-31,blue,,blue,
1041,413,"House 1, Floor 1, Room 2",2022-08-01,blue,,blue,
1024,413,"House 1, Floor 1, Room 2",2022-08-02,green,30.24,blue,
1025,413,"House 1, Floor 1, Room 2",2022-08-03,yellow,28.46,green,98.0
1026,413,"House 1, Floor 1, Room 2",2022-08-04,yellow,24.87,green,96.0
1027,413,"House 1, Floor 1, Room 2",2022-08-05,yellow,28.44,green,94.0
1028,413,"House 1, Floor 1, Room 2",2022-08-06,yellow,29.42,green,92.0
1029,413,"House 1, Floor 1, Room 2",2022-08-07,green,26.78,green,74.0
1030,413,"House 1, Floor 1, Room 2",2022-08-08,green,26.77,green,71.0
1031,413,"House 1, Floor 1, Room 2",2022-08-09,yellow,28.0,green,94.0
1032,413,"House 1, Floor 1, Room 2",2022-08-10,yellow,28.11,green,91.0
1033,413,"House 1, Floor 1, Room 2",2022-08-11,yellow,27.97,green,73.0
1034,413,"House 1, Floor 1, Room 2",2022-08-12,green,28.18,yellow,59.0
1035,413,"House 1, Floor 1, Room 2",2022-08-13,yellow,26.78,yellow,49.0
1036,413,"House 1, Floor 1, Room 2",2022-08-14,yellow,25.73,yellow,56.0
1037,413,"House 1, Floor 1, Room 2",2022-08-15,yellow,25.28,green,68.0
