,Device id,Device name,Device code,Date (America/Chicago),Temperature shock - color,Temperature (Â°C) - data,ReHS - color,ReHS - data
178,1463,Maschhoff_4NL2_RM1_E,MO201901-S5WWLTCR,2021-12-21,green,26.0,green,98.0
179,1463,Maschhoff_4NL2_RM1_E,MO201901-S5WWLTCR,2021-12-22,green,26.0,green,98.0
180,1463,Maschhoff_4NL2_RM1_E,MO201901-S5WWLTCR,2021-12-23,green,25.5,green,97.0
181,1463,Maschhoff_4NL2_RM1_E,MO201901-S5WWLTCR,2021-12-24,green,26.0,green,96.0
182,1463,Maschhoff_4NL2_RM1_E,MO201901-S5WWLTCR,2021-12-25,green,26.0,green,98.0
183,1463,Maschhoff_4NL2_RM1_E,MO201901-S5WWLTCR,2021-12-26,green,25.0,green,99.0
184,1463,Maschhoff_4NL2_RM1_E,MO201901-S5WWLTCR,2021-12-27,green,25.0,green,94.0
185,1463,Maschhoff_4NL2_RM1_E,MO201901-S5WWLTCR,2021-12-28,green,24.5,green,94.0
186,1463,Maschhoff_4NL2_RM1_E,MO201901-S5WWLTCR,2021-12-29,green,24.0,green,95.0
187,1463,Maschhoff_4NL2_RM1_E,MO201901-S5WWLTCR,2021-12-30,green,24.5,green,96.0
188,1463,Maschhoff_4NL2_RM1_E,MO201901-S5WWLTCR,2021-12-31,green,24.5,green,96.0
189,1463,Maschhoff_4NL2_RM1_E,MO201901-S5WWLTCR,2022-01-01,green,24.0,green,97.0
190,1463,Maschhoff_4NL2_RM1_E,MO201901-S5WWLTCR,2022-01-02,green,23.5,green,97.0
191,1463,Maschhoff_4NL2_RM1_E,MO201901-S5WWLTCR,2022-01-03,green,24.0,green,87.0
192,1463,Maschhoff_4NL2_RM1_E,MO201901-S5WWLTCR,2022-01-04,green,24.0,green,95.0
193,1463,Maschhoff_4NL2_RM1_E,MO201901-S5WWLTCR,2022-01-05,green,23.0,green,97.0
194,1463,Maschhoff_4NL2_RM1_E,MO201901-S5WWLTCR,2022-01-06,green,23.0,green,95.0
195,1463,Maschhoff_4NL2_RM1_E,MO201901-S5WWLTCR,2022-01-07,green,23.5,green,93.0
196,1463,Maschhoff_4NL2_RM1_E,MO201901-S5WWLTCR,2022-01-08,green,24.0,green,98.0
197,1463,Maschhoff_4NL2_RM1_E,MO201901-S5WWLTCR,2022-01-09,green,23.5,green,97.0
198,1463,Maschhoff_4NL2_RM1_E,MO201901-S5WWLTCR,2022-01-10,green,24.0,green,96.0
199,1463,Maschhoff_4NL2_RM1_E,MO201901-S5WWLTCR,2022-01-11,green,24.0,green,98.0
200,1463,Maschhoff_4NL2_RM1_E,MO201901-S5WWLTCR,2022-01-12,green,24.0,green,95.0
201,1463,Maschhoff_4NL2_RM1_E,MO201901-S5WWLTCR,2022-01-13,green,24.0,green,88.0
202,1463,Maschhoff_4NL2_RM1_E,MO201901-S5WWLTCR,2022-01-14,green,24.5,green,91.0
203,1463,Maschhoff_4NL2_RM1_E,MO201901-S5WWLTCR,2022-01-15,green,24.0,green,96.0
204,1463,Maschhoff_4NL2_RM1_E,MO201901-S5WWLTCR,2022-01-16,green,23.5,green,95.0
205,1463,Maschhoff_4NL2_RM1_E,MO201901-S5WWLTCR,2022-01-17,green,23.5,green,96.0
206,1463,Maschhoff_4NL2_RM1_E,MO201901-S5WWLTCR,2022-01-18,green,24.0,green,92.0
207,1463,Maschhoff_4NL2_RM1_E,MO201901-S5WWLTCR,2022-01-19,green,23.0,green,96.0
208,1463,Maschhoff_4NL2_RM1_E,MO201901-S5WWLTCR,2022-01-20,green,23.0,green,97.0
209,1463,Maschhoff_4NL2_RM1_E,MO201901-S5WWLTCR,2022-01-21,green,23.5,green,96.0
210,1463,Maschhoff_4NL2_RM1_E,MO201901-S5WWLTCR,2022-01-22,green,24.0,green,98.0
211,1463,Maschhoff_4NL2_RM1_E,MO201901-S5WWLTCR,2022-01-23,green,24.0,green,97.0
212,1463,Maschhoff_4NL2_RM1_E,MO201901-S5WWLTCR,2022-01-24,green,24.0,green,97.0
213,1463,Maschhoff_4NL2_RM1_E,MO201901-S5WWLTCR,2022-01-25,green,23.0,green,97.0
214,1463,Maschhoff_4NL2_RM1_E,MO201901-S5WWLTCR,2022-01-26,green,23.5,green,97.0
215,1463,Maschhoff_4NL2_RM1_E,MO201901-S5WWLTCR,2022-01-27,green,24.0,green,98.0
216,1463,Maschhoff_4NL2_RM1_E,MO201901-S5WWLTCR,2022-01-28,green,24.0,green,97.0
217,1463,Maschhoff_4NL2_RM1_E,MO201901-S5WWLTCR,2022-01-29,green,24.0,green,97.0
218,1463,Maschhoff_4NL2_RM1_E,MO201901-S5WWLTCR,2022-01-30,green,24.0,green,97.0
219,1463,Maschhoff_4NL2_RM1_E,MO201901-S5WWLTCR,2022-01-31,green,24.0,green,96.0
220,1463,Maschhoff_4NL2_RM1_E,MO201901-S5WWLTCR,2022-02-01,green,23.0,green,98.0
221,1463,Maschhoff_4NL2_RM1_E,MO201901-S5WWLTCR,2022-02-02,green,23.0,green,98.0
222,1463,Maschhoff_4NL2_RM1_E,MO201901-S5WWLTCR,2022-02-03,green,22.5,green,98.0
223,1463,Maschhoff_4NL2_RM1_E,MO201901-S5WWLTCR,2022-02-04,green,22.5,green,97.0
224,1463,Maschhoff_4NL2_RM1_E,MO201901-S5WWLTCR,2022-02-05,green,22.5,green,98.0
225,1463,Maschhoff_4NL2_RM1_E,MO201901-S5WWLTCR,2022-02-06,green,23.0,green,95.0
226,1463,Maschhoff_4NL2_RM1_E,MO201901-S5WWLTCR,2022-02-07,green,23.0,green,96.0
227,1463,Maschhoff_4NL2_RM1_E,MO201901-S5WWLTCR,2022-02-08,green,22.5,green,96.0
228,1463,Maschhoff_4NL2_RM1_E,MO201901-S5WWLTCR,2022-02-09,green,22.5,green,96.0
229,1463,Maschhoff_4NL2_RM1_E,MO201901-S5WWLTCR,2022-02-10,green,22.5,green,97.0
230,1463,Maschhoff_4NL2_RM1_E,MO201901-S5WWLTCR,2022-02-11,green,22.0,green,97.0
231,1463,Maschhoff_4NL2_RM1_E,MO201901-S5WWLTCR,2022-02-12,green,22.0,green,96.0
232,1463,Maschhoff_4NL2_RM1_E,MO201901-S5WWLTCR,2022-02-13,green,22.5,green,94.0
233,1463,Maschhoff_4NL2_RM1_E,MO201901-S5WWLTCR,2022-02-14,green,22.5,green,95.0
234,1463,Maschhoff_4NL2_RM1_E,MO201901-S5WWLTCR,2022-02-15,green,22.5,green,95.0
235,1463,Maschhoff_4NL2_RM1_E,MO201901-S5WWLTCR,2022-02-16,green,23.0,green,99.0
236,1463,Maschhoff_4NL2_RM1_E,MO201901-S5WWLTCR,2022-02-17,green,22.0,green,96.0
237,1463,Maschhoff_4NL2_RM1_E,MO201901-S5WWLTCR,2022-02-18,green,22.0,green,95.0
238,1463,Maschhoff_4NL2_RM1_E,MO201901-S5WWLTCR,2022-02-19,green,22.0,green,94.0
239,1463,Maschhoff_4NL2_RM1_E,MO201901-S5WWLTCR,2022-02-20,green,22.0,green,96.0
240,1463,Maschhoff_4NL2_RM1_E,MO201901-S5WWLTCR,2022-02-21,green,22.5,green,97.0
241,1463,Maschhoff_4NL2_RM1_E,MO201901-S5WWLTCR,2022-02-22,green,22.0,green,96.0
242,1463,Maschhoff_4NL2_RM1_E,MO201901-S5WWLTCR,2022-02-23,green,22.0,green,96.0
243,1463,Maschhoff_4NL2_RM1_E,MO201901-S5WWLTCR,2022-02-24,green,22.5,green,98.0
244,1463,Maschhoff_4NL2_RM1_E,MO201901-S5WWLTCR,2022-02-25,green,22.0,green,95.0
245,1463,Maschhoff_4NL2_RM1_E,MO201901-S5WWLTCR,2022-02-26,green,22.0,green,97.0
246,1463,Maschhoff_4NL2_RM1_E,MO201901-S5WWLTCR,2022-02-27,green,22.0,green,97.0
247,1463,Maschhoff_4NL2_RM1_E,MO201901-S5WWLTCR,2022-02-28,green,22.5,green,96.0
248,1463,Maschhoff_4NL2_RM1_E,MO201901-S5WWLTCR,2022-03-01,green,22.5,green,97.0
249,1463,Maschhoff_4NL2_RM1_E,MO201901-S5WWLTCR,2022-03-02,green,22.0,green,99.0
250,1463,Maschhoff_4NL2_RM1_E,MO201901-S5WWLTCR,2022-03-03,green,21.5,green,99.0
251,1463,Maschhoff_4NL2_RM1_E,MO201901-S5WWLTCR,2022-03-04,green,22.0,green,98.0
252,1463,Maschhoff_4NL2_RM1_E,MO201901-S5WWLTCR,2022-03-05,yellow,22.5,green,99.0
253,1463,Maschhoff_4NL2_RM1_E,MO201901-S5WWLTCR,2022-03-06,green,22.0,green,99.0
254,1463,Maschhoff_4NL2_RM1_E,MO201901-S5WWLTCR,2022-03-07,green,21.5,green,97.0
255,1463,Maschhoff_4NL2_RM1_E,MO201901-S5WWLTCR,2022-03-08,green,21.5,green,96.0
256,1463,Maschhoff_4NL2_RM1_E,MO201901-S5WWLTCR,2022-03-09,green,21.5,green,97.0
257,1463,Maschhoff_4NL2_RM1_E,MO201901-S5WWLTCR,2022-03-10,green,21.5,green,96.0
258,1463,Maschhoff_4NL2_RM1_E,MO201901-S5WWLTCR,2022-03-11,green,21.0,green,98.0
259,1463,Maschhoff_4NL2_RM1_E,MO201901-S5WWLTCR,2022-03-12,green,21.0,green,99.0
260,1463,Maschhoff_4NL2_RM1_E,MO201901-S5WWLTCR,2022-03-13,green,22.0,green,97.0
261,1463,Maschhoff_4NL2_RM1_E,MO201901-S5WWLTCR,2022-03-14,green,22.0,green,97.0
262,1463,Maschhoff_4NL2_RM1_E,MO201901-S5WWLTCR,2022-03-15,green,22.0,green,97.0
263,1463,Maschhoff_4NL2_RM1_E,MO201901-S5WWLTCR,2022-03-16,green,22.0,green,97.0
264,1463,Maschhoff_4NL2_RM1_E,MO201901-S5WWLTCR,2022-03-17,green,22.0,green,98.0
265,1463,Maschhoff_4NL2_RM1_E,MO201901-S5WWLTCR,2022-03-18,green,22.5,green,97.0
266,1463,Maschhoff_4NL2_RM1_E,MO201901-S5WWLTCR,2022-03-19,green,22.0,green,97.0
267,1463,Maschhoff_4NL2_RM1_E,MO201901-S5WWLTCR,2022-03-20,green,21.5,green,97.0
268,1463,Maschhoff_4NL2_RM1_E,MO201901-S5WWLTCR,2022-03-21,green,22.0,green,96.0
269,1463,Maschhoff_4NL2_RM1_E,MO201901-S5WWLTCR,2022-03-22,green,21.5,green,99.0
270,1463,Maschhoff_4NL2_RM1_E,MO201901-S5WWLTCR,2022-03-23,green,22.0,green,99.0
271,1463,Maschhoff_4NL2_RM1_E,MO201901-S5WWLTCR,2022-03-24,green,22.0,green,98.0
272,1463,Maschhoff_4NL2_RM1_E,MO201901-S5WWLTCR,2022-03-25,green,21.0,green,97.0
273,1463,Maschhoff_4NL2_RM1_E,MO201901-S5WWLTCR,2022-03-26,green,21.0,green,99.0
274,1463,Maschhoff_4NL2_RM1_E,MO201901-S5WWLTCR,2022-03-27,green,21.5,green,99.0
275,1463,Maschhoff_4NL2_RM1_E,MO201901-S5WWLTCR,2022-03-28,green,21.5,green,98.0
276,1463,Maschhoff_4NL2_RM1_E,MO201901-S5WWLTCR,2022-03-29,green,21.5,green,97.0
277,1463,Maschhoff_4NL2_RM1_E,MO201901-S5WWLTCR,2022-03-30,green,21.5,green,99.0
278,1463,Maschhoff_4NL2_RM1_E,MO201901-S5WWLTCR,2022-03-31,green,21.5,green,98.0
279,1463,Maschhoff_4NL2_RM1_E,MO201901-S5WWLTCR,2022-04-01,green,21.5,green,97.0
280,1463,Maschhoff_4NL2_RM1_E,MO201901-S5WWLTCR,2022-04-02,green,21.5,green,99.0
281,1463,Maschhoff_4NL2_RM1_E,MO201901-S5WWLTCR,2022-04-03,green,21.0,green,99.0
282,1463,Maschhoff_4NL2_RM1_E,MO201901-S5WWLTCR,2022-04-04,green,21.0,green,99.0
283,1463,Maschhoff_4NL2_RM1_E,MO201901-S5WWLTCR,2022-04-05,green,21.0,green,97.0
284,1463,Maschhoff_4NL2_RM1_E,MO201901-S5WWLTCR,2022-04-06,green,20.5,green,98.0
285,1463,Maschhoff_4NL2_RM1_E,MO201901-S5WWLTCR,2022-04-07,green,21.0,green,99.0
286,1463,Maschhoff_4NL2_RM1_E,MO201901-S5WWLTCR,2022-04-08,green,21.0,green,99.0
287,1463,Maschhoff_4NL2_RM1_E,MO201901-S5WWLTCR,2022-04-09,green,21.0,green,98.0
288,1463,Maschhoff_4NL2_RM1_E,MO201901-S5WWLTCR,2022-04-10,green,21.0,green,97.0
289,1463,Maschhoff_4NL2_RM1_E,MO201901-S5WWLTCR,2022-04-11,green,20.5,green,99.0
290,1463,Maschhoff_4NL2_RM1_E,MO201901-S5WWLTCR,2022-04-12,green,21.0,green,98.0
291,1463,Maschhoff_4NL2_RM1_E,MO201901-S5WWLTCR,2022-04-13,green,19.5,green,99.0
292,1463,Maschhoff_4NL2_RM1_E,MO201901-S5WWLTCR,2022-04-14,yellow,20.0,green,97.0
293,1463,Maschhoff_4NL2_RM1_E,MO201901-S5WWLTCR,2022-04-15,green,21.0,green,99.0
294,1463,Maschhoff_4NL2_RM1_E,MO201901-S5WWLTCR,2022-04-16,green,21.0,green,98.0
295,1463,Maschhoff_4NL2_RM1_E,MO201901-S5WWLTCR,2022-04-17,green,21.0,green,97.0
296,1463,Maschhoff_4NL2_RM1_E,MO201901-S5WWLTCR,2022-04-18,green,21.0,green,98.0
297,1463,Maschhoff_4NL2_RM1_E,MO201901-S5WWLTCR,2022-04-19,green,20.0,green,99.0
298,1463,Maschhoff_4NL2_RM1_E,MO201901-S5WWLTCR,2022-04-20,green,20.5,green,97.0
299,1463,Maschhoff_4NL2_RM1_E,MO201901-S5WWLTCR,2022-04-21,yellow,20.0,green,98.0
300,1463,Maschhoff_4NL2_RM1_E,MO201901-S5WWLTCR,2022-04-22,green,20.5,green,98.0
301,1463,Maschhoff_4NL2_RM1_E,MO201901-S5WWLTCR,2022-04-23,green,23.0,green,99.0
302,1463,Maschhoff_4NL2_RM1_E,MO201901-S5WWLTCR,2022-04-24,green,19.5,green,97.0
303,1463,Maschhoff_4NL2_RM1_E,MO201901-S5WWLTCR,2022-04-25,green,20.0,green,98.0
304,1463,Maschhoff_4NL2_RM1_E,MO201901-S5WWLTCR,2022-04-26,green,20.0,green,97.0
305,1463,Maschhoff_4NL2_RM1_E,MO201901-S5WWLTCR,2022-04-27,green,19.5,green,97.0
306,1463,Maschhoff_4NL2_RM1_E,MO201901-S5WWLTCR,2022-04-28,green,20.0,green,98.0
307,1463,Maschhoff_4NL2_RM1_E,MO201901-S5WWLTCR,2022-04-29,green,19.0,green,99.0
308,1463,Maschhoff_4NL2_RM1_E,MO201901-S5WWLTCR,2022-04-30,yellow,20.0,green,97.0
309,1463,Maschhoff_4NL2_RM1_E,MO201901-S5WWLTCR,2022-05-01,yellow,19.0,green,97.0
310,1463,Maschhoff_4NL2_RM1_E,MO201901-S5WWLTCR,2022-05-02,green,19.0,green,94.0
311,1463,Maschhoff_4NL2_RM1_E,MO201901-S5WWLTCR,2022-05-03,green,19.5,green,91.0
312,1463,Maschhoff_4NL2_RM1_E,MO201901-S5WWLTCR,2022-05-04,green,18.5,green,96.0
313,1463,Maschhoff_4NL2_RM1_E,MO201901-S5WWLTCR,2022-05-05,green,19.5,green,97.0
314,1463,Maschhoff_4NL2_RM1_E,MO201901-S5WWLTCR,2022-05-06,green,19.5,green,97.0
315,1463,Maschhoff_4NL2_RM1_E,MO201901-S5WWLTCR,2022-05-07,green,19.0,green,97.0
316,1463,Maschhoff_4NL2_RM1_E,MO201901-S5WWLTCR,2022-05-08,green,19.5,green,97.0
317,1463,Maschhoff_4NL2_RM1_E,MO201901-S5WWLTCR,2022-05-09,yellow,23.5,green,98.0
318,1463,Maschhoff_4NL2_RM1_E,MO201901-S5WWLTCR,2022-05-10,yellow,26.5,green,99.0
319,1463,Maschhoff_4NL2_RM1_E,MO201901-S5WWLTCR,2022-05-11,yellow,28.0,green,96.0
320,1463,Maschhoff_4NL2_RM1_E,MO201901-S5WWLTCR,2022-05-12,yellow,28.5,green,99.0
321,1463,Maschhoff_4NL2_RM1_E,MO201901-S5WWLTCR,2022-05-13,yellow,25.0,green,99.0
322,1463,Maschhoff_4NL2_RM1_E,MO201901-S5WWLTCR,2022-05-14,red,23.0,green,99.0
323,1463,Maschhoff_4NL2_RM1_E,MO201901-S5WWLTCR,2022-05-15,green,19.5,green,97.0
324,1463,Maschhoff_4NL2_RM1_E,MO201901-S5WWLTCR,2022-05-16,red,21.0,green,96.0
325,1463,Maschhoff_4NL2_RM1_E,MO201901-S5WWLTCR,2022-05-17,blue,18.0,blue,
326,1463,Maschhoff_4NL2_RM1_E,MO201901-S5WWLTCR,2022-05-18,blue,,blue,
327,1463,Maschhoff_4NL2_RM1_E,MO201901-S5WWLTCR,2022-05-19,green,26.0,blue,
328,1463,Maschhoff_4NL2_RM1_E,MO201901-S5WWLTCR,2022-05-20,green,22.5,green,97.0
329,1463,Maschhoff_4NL2_RM1_E,MO201901-S5WWLTCR,2022-05-21,green,18.0,green,99.0
330,1463,Maschhoff_4NL2_RM1_E,MO201901-S5WWLTCR,2022-05-22,green,16.5,green,98.0
331,1463,Maschhoff_4NL2_RM1_E,MO201901-S5WWLTCR,2022-05-23,yellow,24.5,green,99.0
332,1463,Maschhoff_4NL2_RM1_E,MO201901-S5WWLTCR,2022-05-24,yellow,29.0,green,98.0
333,1463,Maschhoff_4NL2_RM1_E,MO201901-S5WWLTCR,2022-05-25,green,28.5,green,99.0
334,1463,Maschhoff_4NL2_RM1_E,MO201901-S5WWLTCR,2022-05-26,green,28.5,green,95.0
335,1463,Maschhoff_4NL2_RM1_E,MO201901-S5WWLTCR,2022-05-27,green,28.5,green,97.0
336,1463,Maschhoff_4NL2_RM1_E,MO201901-S5WWLTCR,2022-05-28,green,29.0,green,93.0
337,1463,Maschhoff_4NL2_RM1_E,MO201901-S5WWLTCR,2022-05-29,green,29.5,green,84.0
338,1463,Maschhoff_4NL2_RM1_E,MO201901-S5WWLTCR,2022-05-30,green,29.5,green,81.0
339,1463,Maschhoff_4NL2_RM1_E,MO201901-S5WWLTCR,2022-05-31,green,29.5,green,84.0
340,1463,Maschhoff_4NL2_RM1_E,MO201901-S5WWLTCR,2022-06-01,green,28.5,green,89.0
341,1463,Maschhoff_4NL2_RM1_E,MO201901-S5WWLTCR,2022-06-02,green,29.0,green,97.0
342,1463,Maschhoff_4NL2_RM1_E,MO201901-S5WWLTCR,2022-06-03,green,29.0,green,97.0
343,1463,Maschhoff_4NL2_RM1_E,MO201901-S5WWLTCR,2022-06-04,green,28.0,green,98.0
344,1463,Maschhoff_4NL2_RM1_E,MO201901-S5WWLTCR,2022-06-05,green,28.5,green,97.0
345,1463,Maschhoff_4NL2_RM1_E,MO201901-S5WWLTCR,2022-06-06,green,28.0,green,97.0
346,1463,Maschhoff_4NL2_RM1_E,MO201901-S5WWLTCR,2022-06-07,green,28.0,green,97.0
347,1463,Maschhoff_4NL2_RM1_E,MO201901-S5WWLTCR,2022-06-08,green,27.5,green,98.0
348,1463,Maschhoff_4NL2_RM1_E,MO201901-S5WWLTCR,2022-06-09,green,27.0,green,96.0
349,1463,Maschhoff_4NL2_RM1_E,MO201901-S5WWLTCR,2022-06-10,green,27.0,green,96.0
350,1463,Maschhoff_4NL2_RM1_E,MO201901-S5WWLTCR,2022-06-11,green,27.0,green,96.0
351,1463,Maschhoff_4NL2_RM1_E,MO201901-S5WWLTCR,2022-06-12,green,27.5,green,97.0
352,1463,Maschhoff_4NL2_RM1_E,MO201901-S5WWLTCR,2022-06-13,green,29.0,green,97.0
353,1463,Maschhoff_4NL2_RM1_E,MO201901-S5WWLTCR,2022-06-14,yellow,30.0,green,97.0
354,1463,Maschhoff_4NL2_RM1_E,MO201901-S5WWLTCR,2022-06-15,yellow,29.5,green,99.0
355,1463,Maschhoff_4NL2_RM1_E,MO201901-S5WWLTCR,2022-06-16,yellow,28.5,green,99.0
890,1486,Maschhoff_4NL2_RM2_W,MO201901-9JN9RLN4,2021-12-21,green,26.0,green,97.0
891,1486,Maschhoff_4NL2_RM2_W,MO201901-9JN9RLN4,2021-12-22,green,26.0,green,95.0
892,1486,Maschhoff_4NL2_RM2_W,MO201901-9JN9RLN4,2021-12-23,green,25.5,green,97.0
893,1486,Maschhoff_4NL2_RM2_W,MO201901-9JN9RLN4,2021-12-24,green,26.0,green,94.0
894,1486,Maschhoff_4NL2_RM2_W,MO201901-9JN9RLN4,2021-12-25,green,26.0,green,97.0
895,1486,Maschhoff_4NL2_RM2_W,MO201901-9JN9RLN4,2021-12-26,green,25.0,green,96.0
896,1486,Maschhoff_4NL2_RM2_W,MO201901-9JN9RLN4,2021-12-27,green,25.5,green,96.0
897,1486,Maschhoff_4NL2_RM2_W,MO201901-9JN9RLN4,2021-12-28,green,24.5,green,97.0
898,1486,Maschhoff_4NL2_RM2_W,MO201901-9JN9RLN4,2021-12-29,green,24.0,green,96.0
899,1486,Maschhoff_4NL2_RM2_W,MO201901-9JN9RLN4,2021-12-30,green,24.0,green,95.0
900,1486,Maschhoff_4NL2_RM2_W,MO201901-9JN9RLN4,2021-12-31,green,24.0,green,95.0
901,1486,Maschhoff_4NL2_RM2_W,MO201901-9JN9RLN4,2022-01-01,green,24.0,green,97.0
902,1486,Maschhoff_4NL2_RM2_W,MO201901-9JN9RLN4,2022-01-02,green,23.5,green,97.0
903,1486,Maschhoff_4NL2_RM2_W,MO201901-9JN9RLN4,2022-01-03,green,23.0,green,89.0
904,1486,Maschhoff_4NL2_RM2_W,MO201901-9JN9RLN4,2022-01-04,green,23.0,green,93.0
905,1486,Maschhoff_4NL2_RM2_W,MO201901-9JN9RLN4,2022-01-05,green,24.0,green,95.0
906,1486,Maschhoff_4NL2_RM2_W,MO201901-9JN9RLN4,2022-01-06,green,24.0,green,92.0
907,1486,Maschhoff_4NL2_RM2_W,MO201901-9JN9RLN4,2022-01-07,green,23.5,green,90.0
908,1486,Maschhoff_4NL2_RM2_W,MO201901-9JN9RLN4,2022-01-08,green,24.0,green,94.0
909,1486,Maschhoff_4NL2_RM2_W,MO201901-9JN9RLN4,2022-01-09,green,25.0,green,95.0
910,1486,Maschhoff_4NL2_RM2_W,MO201901-9JN9RLN4,2022-01-10,green,24.0,green,95.0
911,1486,Maschhoff_4NL2_RM2_W,MO201901-9JN9RLN4,2022-01-11,green,24.0,green,98.0
912,1486,Maschhoff_4NL2_RM2_W,MO201901-9JN9RLN4,2022-01-12,green,24.5,green,97.0
913,1486,Maschhoff_4NL2_RM2_W,MO201901-9JN9RLN4,2022-01-13,green,24.5,green,97.0
914,1486,Maschhoff_4NL2_RM2_W,MO201901-9JN9RLN4,2022-01-14,green,24.0,green,95.0
915,1486,Maschhoff_4NL2_RM2_W,MO201901-9JN9RLN4,2022-01-15,green,23.5,green,95.0
916,1486,Maschhoff_4NL2_RM2_W,MO201901-9JN9RLN4,2022-01-16,green,24.5,green,90.0
917,1486,Maschhoff_4NL2_RM2_W,MO201901-9JN9RLN4,2022-01-17,green,24.5,green,93.0
918,1486,Maschhoff_4NL2_RM2_W,MO201901-9JN9RLN4,2022-01-18,green,24.5,green,92.0
919,1486,Maschhoff_4NL2_RM2_W,MO201901-9JN9RLN4,2022-01-19,green,25.5,green,95.0
920,1486,Maschhoff_4NL2_RM2_W,MO201901-9JN9RLN4,2022-01-20,green,25.0,green,96.0
921,1486,Maschhoff_4NL2_RM2_W,MO201901-9JN9RLN4,2022-01-21,green,24.0,green,99.0
922,1486,Maschhoff_4NL2_RM2_W,MO201901-9JN9RLN4,2022-01-22,green,24.0,green,99.0
923,1486,Maschhoff_4NL2_RM2_W,MO201901-9JN9RLN4,2022-01-23,green,24.0,green,99.0
924,1486,Maschhoff_4NL2_RM2_W,MO201901-9JN9RLN4,2022-01-24,green,24.5,green,99.0
925,1486,Maschhoff_4NL2_RM2_W,MO201901-9JN9RLN4,2022-01-25,green,25.0,green,96.0
926,1486,Maschhoff_4NL2_RM2_W,MO201901-9JN9RLN4,2022-01-26,green,24.0,green,97.0
927,1486,Maschhoff_4NL2_RM2_W,MO201901-9JN9RLN4,2022-01-27,green,24.0,green,98.0
928,1486,Maschhoff_4NL2_RM2_W,MO201901-9JN9RLN4,2022-01-28,green,24.5,green,97.0
929,1486,Maschhoff_4NL2_RM2_W,MO201901-9JN9RLN4,2022-01-29,green,24.5,green,95.0
930,1486,Maschhoff_4NL2_RM2_W,MO201901-9JN9RLN4,2022-01-30,green,25.0,green,96.0
931,1486,Maschhoff_4NL2_RM2_W,MO201901-9JN9RLN4,2022-01-31,green,24.0,green,93.0
932,1486,Maschhoff_4NL2_RM2_W,MO201901-9JN9RLN4,2022-02-01,green,24.0,green,81.0
933,1486,Maschhoff_4NL2_RM2_W,MO201901-9JN9RLN4,2022-02-02,green,23.5,green,79.0
934,1486,Maschhoff_4NL2_RM2_W,MO201901-9JN9RLN4,2022-02-03,green,22.5,green,82.0
935,1486,Maschhoff_4NL2_RM2_W,MO201901-9JN9RLN4,2022-02-04,green,22.0,green,82.0
936,1486,Maschhoff_4NL2_RM2_W,MO201901-9JN9RLN4,2022-02-05,green,22.0,green,87.0
937,1486,Maschhoff_4NL2_RM2_W,MO201901-9JN9RLN4,2022-02-06,green,23.0,green,78.0
938,1486,Maschhoff_4NL2_RM2_W,MO201901-9JN9RLN4,2022-02-07,green,23.0,green,79.0
939,1486,Maschhoff_4NL2_RM2_W,MO201901-9JN9RLN4,2022-02-08,green,23.0,green,71.0
940,1486,Maschhoff_4NL2_RM2_W,MO201901-9JN9RLN4,2022-02-09,green,23.5,green,70.0
941,1486,Maschhoff_4NL2_RM2_W,MO201901-9JN9RLN4,2022-02-10,green,23.0,green,76.0
942,1486,Maschhoff_4NL2_RM2_W,MO201901-9JN9RLN4,2022-02-11,green,24.0,green,83.0
943,1486,Maschhoff_4NL2_RM2_W,MO201901-9JN9RLN4,2022-02-12,green,23.0,green,67.0
944,1486,Maschhoff_4NL2_RM2_W,MO201901-9JN9RLN4,2022-02-13,green,22.5,yellow,53.0
945,1486,Maschhoff_4NL2_RM2_W,MO201901-9JN9RLN4,2022-02-14,green,23.0,green,71.0
946,1486,Maschhoff_4NL2_RM2_W,MO201901-9JN9RLN4,2022-02-15,green,23.0,green,75.0
947,1486,Maschhoff_4NL2_RM2_W,MO201901-9JN9RLN4,2022-02-16,green,23.5,green,88.0
948,1486,Maschhoff_4NL2_RM2_W,MO201901-9JN9RLN4,2022-02-17,green,23.0,green,75.0
949,1486,Maschhoff_4NL2_RM2_W,MO201901-9JN9RLN4,2022-02-18,green,22.5,green,68.0
950,1486,Maschhoff_4NL2_RM2_W,MO201901-9JN9RLN4,2022-02-19,green,22.5,green,70.0
951,1486,Maschhoff_4NL2_RM2_W,MO201901-9JN9RLN4,2022-02-20,green,22.5,green,80.0
952,1486,Maschhoff_4NL2_RM2_W,MO201901-9JN9RLN4,2022-02-21,green,23.0,green,90.0
953,1486,Maschhoff_4NL2_RM2_W,MO201901-9JN9RLN4,2022-02-22,green,23.5,green,92.0
954,1486,Maschhoff_4NL2_RM2_W,MO201901-9JN9RLN4,2022-02-23,green,23.0,green,76.0
955,1486,Maschhoff_4NL2_RM2_W,MO201901-9JN9RLN4,2022-02-24,green,22.5,green,79.0
956,1486,Maschhoff_4NL2_RM2_W,MO201901-9JN9RLN4,2022-02-25,green,22.5,green,87.0
957,1486,Maschhoff_4NL2_RM2_W,MO201901-9JN9RLN4,2022-02-26,green,22.5,green,76.0
958,1486,Maschhoff_4NL2_RM2_W,MO201901-9JN9RLN4,2022-02-27,green,23.0,green,77.0
959,1486,Maschhoff_4NL2_RM2_W,MO201901-9JN9RLN4,2022-02-28,green,23.0,green,89.0
960,1486,Maschhoff_4NL2_RM2_W,MO201901-9JN9RLN4,2022-03-01,green,23.5,green,97.0
961,1486,Maschhoff_4NL2_RM2_W,MO201901-9JN9RLN4,2022-03-02,green,23.0,green,98.0
962,1486,Maschhoff_4NL2_RM2_W,MO201901-9JN9RLN4,2022-03-03,green,22.5,green,93.0
963,1486,Maschhoff_4NL2_RM2_W,MO201901-9JN9RLN4,2022-03-04,green,22.5,green,92.0
964,1486,Maschhoff_4NL2_RM2_W,MO201901-9JN9RLN4,2022-03-05,green,23.5,green,98.0
965,1486,Maschhoff_4NL2_RM2_W,MO201901-9JN9RLN4,2022-03-06,green,23.0,green,97.0
966,1486,Maschhoff_4NL2_RM2_W,MO201901-9JN9RLN4,2022-03-07,green,23.0,green,92.0
967,1486,Maschhoff_4NL2_RM2_W,MO201901-9JN9RLN4,2022-03-08,green,22.5,green,85.0
968,1486,Maschhoff_4NL2_RM2_W,MO201901-9JN9RLN4,2022-03-09,green,22.5,green,94.0
969,1486,Maschhoff_4NL2_RM2_W,MO201901-9JN9RLN4,2022-03-10,green,22.0,green,92.0
970,1486,Maschhoff_4NL2_RM2_W,MO201901-9JN9RLN4,2022-03-11,green,23.0,green,92.0
971,1486,Maschhoff_4NL2_RM2_W,MO201901-9JN9RLN4,2022-03-12,green,23.0,green,92.0
972,1486,Maschhoff_4NL2_RM2_W,MO201901-9JN9RLN4,2022-03-13,green,22.5,green,95.0
973,1486,Maschhoff_4NL2_RM2_W,MO201901-9JN9RLN4,2022-03-14,green,23.0,green,97.0
974,1486,Maschhoff_4NL2_RM2_W,MO201901-9JN9RLN4,2022-03-15,green,23.0,green,99.0
975,1486,Maschhoff_4NL2_RM2_W,MO201901-9JN9RLN4,2022-03-16,green,23.0,green,99.0
976,1486,Maschhoff_4NL2_RM2_W,MO201901-9JN9RLN4,2022-03-17,green,23.0,green,97.0
977,1486,Maschhoff_4NL2_RM2_W,MO201901-9JN9RLN4,2022-03-18,green,22.5,green,98.0
978,1486,Maschhoff_4NL2_RM2_W,MO201901-9JN9RLN4,2022-03-19,green,23.0,green,97.0
979,1486,Maschhoff_4NL2_RM2_W,MO201901-9JN9RLN4,2022-03-20,green,23.0,green,97.0
980,1486,Maschhoff_4NL2_RM2_W,MO201901-9JN9RLN4,2022-03-21,green,22.5,green,99.0
981,1486,Maschhoff_4NL2_RM2_W,MO201901-9JN9RLN4,2022-03-22,green,22.0,green,99.0
982,1486,Maschhoff_4NL2_RM2_W,MO201901-9JN9RLN4,2022-03-23,green,22.0,green,98.0
983,1486,Maschhoff_4NL2_RM2_W,MO201901-9JN9RLN4,2022-03-24,green,23.0,green,97.0
984,1486,Maschhoff_4NL2_RM2_W,MO201901-9JN9RLN4,2022-03-25,yellow,24.0,green,99.0
985,1486,Maschhoff_4NL2_RM2_W,MO201901-9JN9RLN4,2022-03-26,green,23.5,green,97.0
986,1486,Maschhoff_4NL2_RM2_W,MO201901-9JN9RLN4,2022-03-27,green,22.0,green,99.0
987,1486,Maschhoff_4NL2_RM2_W,MO201901-9JN9RLN4,2022-03-28,green,22.0,green,99.0
988,1486,Maschhoff_4NL2_RM2_W,MO201901-9JN9RLN4,2022-03-29,green,22.5,green,99.0
989,1486,Maschhoff_4NL2_RM2_W,MO201901-9JN9RLN4,2022-03-30,green,22.5,green,99.0
990,1486,Maschhoff_4NL2_RM2_W,MO201901-9JN9RLN4,2022-03-31,green,23.0,green,97.0
991,1486,Maschhoff_4NL2_RM2_W,MO201901-9JN9RLN4,2022-04-01,green,22.5,green,98.0
992,1486,Maschhoff_4NL2_RM2_W,MO201901-9JN9RLN4,2022-04-02,green,22.5,green,97.0
993,1486,Maschhoff_4NL2_RM2_W,MO201901-9JN9RLN4,2022-04-03,green,22.5,green,98.0
994,1486,Maschhoff_4NL2_RM2_W,MO201901-9JN9RLN4,2022-04-04,green,22.0,green,99.0
995,1486,Maschhoff_4NL2_RM2_W,MO201901-9JN9RLN4,2022-04-05,green,22.0,green,97.0
996,1486,Maschhoff_4NL2_RM2_W,MO201901-9JN9RLN4,2022-04-06,green,22.0,green,98.0
997,1486,Maschhoff_4NL2_RM2_W,MO201901-9JN9RLN4,2022-04-07,green,22.5,green,97.0
998,1486,Maschhoff_4NL2_RM2_W,MO201901-9JN9RLN4,2022-04-08,green,22.5,green,99.0
999,1486,Maschhoff_4NL2_RM2_W,MO201901-9JN9RLN4,2022-04-09,green,22.0,green,97.0
1000,1486,Maschhoff_4NL2_RM2_W,MO201901-9JN9RLN4,2022-04-10,green,22.0,green,98.0
1001,1486,Maschhoff_4NL2_RM2_W,MO201901-9JN9RLN4,2022-04-11,yellow,22.0,green,98.0
1002,1486,Maschhoff_4NL2_RM2_W,MO201901-9JN9RLN4,2022-04-12,green,21.5,green,98.0
1003,1486,Maschhoff_4NL2_RM2_W,MO201901-9JN9RLN4,2022-04-13,red,21.5,green,97.0
1004,1486,Maschhoff_4NL2_RM2_W,MO201901-9JN9RLN4,2022-04-14,green,22.0,green,96.0
1005,1486,Maschhoff_4NL2_RM2_W,MO201901-9JN9RLN4,2022-04-15,green,21.5,green,97.0
1006,1486,Maschhoff_4NL2_RM2_W,MO201901-9JN9RLN4,2022-04-16,green,22.0,green,98.0
1007,1486,Maschhoff_4NL2_RM2_W,MO201901-9JN9RLN4,2022-04-17,green,21.5,green,96.0
1008,1486,Maschhoff_4NL2_RM2_W,MO201901-9JN9RLN4,2022-04-18,green,22.5,green,99.0
1009,1486,Maschhoff_4NL2_RM2_W,MO201901-9JN9RLN4,2022-04-19,green,21.5,green,98.0
1010,1486,Maschhoff_4NL2_RM2_W,MO201901-9JN9RLN4,2022-04-20,green,21.0,green,98.0
1011,1486,Maschhoff_4NL2_RM2_W,MO201901-9JN9RLN4,2022-04-21,yellow,21.5,green,96.0
1012,1486,Maschhoff_4NL2_RM2_W,MO201901-9JN9RLN4,2022-04-22,green,22.0,green,98.0
1013,1486,Maschhoff_4NL2_RM2_W,MO201901-9JN9RLN4,2022-04-23,green,24.5,green,97.0
1014,1486,Maschhoff_4NL2_RM2_W,MO201901-9JN9RLN4,2022-04-24,green,21.0,green,96.0
1015,1486,Maschhoff_4NL2_RM2_W,MO201901-9JN9RLN4,2022-04-25,yellow,21.5,green,99.0
1016,1486,Maschhoff_4NL2_RM2_W,MO201901-9JN9RLN4,2022-04-26,green,21.0,green,99.0
1017,1486,Maschhoff_4NL2_RM2_W,MO201901-9JN9RLN4,2022-04-27,green,20.5,green,99.0
1018,1486,Maschhoff_4NL2_RM2_W,MO201901-9JN9RLN4,2022-04-28,green,20.5,green,96.0
1019,1486,Maschhoff_4NL2_RM2_W,MO201901-9JN9RLN4,2022-04-29,green,20.5,green,98.0
1020,1486,Maschhoff_4NL2_RM2_W,MO201901-9JN9RLN4,2022-04-30,green,21.5,green,97.0
1021,1486,Maschhoff_4NL2_RM2_W,MO201901-9JN9RLN4,2022-05-01,green,21.0,green,98.0
1022,1486,Maschhoff_4NL2_RM2_W,MO201901-9JN9RLN4,2022-05-02,green,20.5,green,99.0
1023,1486,Maschhoff_4NL2_RM2_W,MO201901-9JN9RLN4,2022-05-03,green,20.5,green,96.0
1024,1486,Maschhoff_4NL2_RM2_W,MO201901-9JN9RLN4,2022-05-04,green,20.5,green,99.0
1025,1486,Maschhoff_4NL2_RM2_W,MO201901-9JN9RLN4,2022-05-05,green,20.5,green,97.0
1026,1486,Maschhoff_4NL2_RM2_W,MO201901-9JN9RLN4,2022-05-06,green,20.5,green,97.0
1027,1486,Maschhoff_4NL2_RM2_W,MO201901-9JN9RLN4,2022-05-07,green,20.5,green,99.0
1028,1486,Maschhoff_4NL2_RM2_W,MO201901-9JN9RLN4,2022-05-08,green,20.5,green,96.0
1029,1486,Maschhoff_4NL2_RM2_W,MO201901-9JN9RLN4,2022-05-09,green,24.5,green,97.0
1030,1486,Maschhoff_4NL2_RM2_W,MO201901-9JN9RLN4,2022-05-10,yellow,27.5,green,97.0
1031,1486,Maschhoff_4NL2_RM2_W,MO201901-9JN9RLN4,2022-05-11,yellow,29.0,green,97.0
1032,1486,Maschhoff_4NL2_RM2_W,MO201901-9JN9RLN4,2022-05-12,yellow,29.0,green,97.0
1033,1486,Maschhoff_4NL2_RM2_W,MO201901-9JN9RLN4,2022-05-13,yellow,26.0,green,98.0
1034,1486,Maschhoff_4NL2_RM2_W,MO201901-9JN9RLN4,2022-05-14,yellow,23.5,green,96.0
1035,1486,Maschhoff_4NL2_RM2_W,MO201901-9JN9RLN4,2022-05-15,green,20.5,green,99.0
1036,1486,Maschhoff_4NL2_RM2_W,MO201901-9JN9RLN4,2022-05-16,yellow,21.0,green,99.0
1037,1486,Maschhoff_4NL2_RM2_W,MO201901-9JN9RLN4,2022-05-17,blue,18.5,blue,
1038,1486,Maschhoff_4NL2_RM2_W,MO201901-9JN9RLN4,2022-05-18,blue,,blue,
1039,1486,Maschhoff_4NL2_RM2_W,MO201901-9JN9RLN4,2022-05-19,green,26.0,blue,
1040,1486,Maschhoff_4NL2_RM2_W,MO201901-9JN9RLN4,2022-05-20,green,23.0,green,97.0
1041,1486,Maschhoff_4NL2_RM2_W,MO201901-9JN9RLN4,2022-05-21,green,18.5,green,97.0
1042,1486,Maschhoff_4NL2_RM2_W,MO201901-9JN9RLN4,2022-05-22,green,16.5,green,98.0
1043,1486,Maschhoff_4NL2_RM2_W,MO201901-9JN9RLN4,2022-05-23,green,24.5,green,99.0
1044,1486,Maschhoff_4NL2_RM2_W,MO201901-9JN9RLN4,2022-05-24,yellow,29.0,green,82.0
1045,1486,Maschhoff_4NL2_RM2_W,MO201901-9JN9RLN4,2022-05-25,green,29.0,yellow,54.0
1046,1486,Maschhoff_4NL2_RM2_W,MO201901-9JN9RLN4,2022-05-26,yellow,29.0,yellow,60.0
1047,1486,Maschhoff_4NL2_RM2_W,MO201901-9JN9RLN4,2022-05-27,green,29.0,green,65.0
1048,1486,Maschhoff_4NL2_RM2_W,MO201901-9JN9RLN4,2022-05-28,green,29.0,green,73.0
1049,1486,Maschhoff_4NL2_RM2_W,MO201901-9JN9RLN4,2022-05-29,green,29.5,green,79.0
1050,1486,Maschhoff_4NL2_RM2_W,MO201901-9JN9RLN4,2022-05-30,green,29.5,green,89.0
1051,1486,Maschhoff_4NL2_RM2_W,MO201901-9JN9RLN4,2022-05-31,green,29.5,green,85.0
1052,1486,Maschhoff_4NL2_RM2_W,MO201901-9JN9RLN4,2022-06-01,green,29.0,green,91.0
1053,1486,Maschhoff_4NL2_RM2_W,MO201901-9JN9RLN4,2022-06-02,green,29.0,green,92.0
1054,1486,Maschhoff_4NL2_RM2_W,MO201901-9JN9RLN4,2022-06-03,green,29.0,green,89.0
1055,1486,Maschhoff_4NL2_RM2_W,MO201901-9JN9RLN4,2022-06-04,green,28.5,green,93.0
1056,1486,Maschhoff_4NL2_RM2_W,MO201901-9JN9RLN4,2022-06-05,green,29.0,green,88.0
1057,1486,Maschhoff_4NL2_RM2_W,MO201901-9JN9RLN4,2022-06-06,green,29.0,green,88.0
1058,1486,Maschhoff_4NL2_RM2_W,MO201901-9JN9RLN4,2022-06-07,green,29.0,green,94.0
1059,1486,Maschhoff_4NL2_RM2_W,MO201901-9JN9RLN4,2022-06-08,green,28.0,green,95.0
1060,1486,Maschhoff_4NL2_RM2_W,MO201901-9JN9RLN4,2022-06-09,green,28.0,green,95.0
1061,1486,Maschhoff_4NL2_RM2_W,MO201901-9JN9RLN4,2022-06-10,green,28.0,green,88.0
1062,1486,Maschhoff_4NL2_RM2_W,MO201901-9JN9RLN4,2022-06-11,green,27.5,green,86.0
1063,1486,Maschhoff_4NL2_RM2_W,MO201901-9JN9RLN4,2022-06-12,green,28.0,green,97.0
1064,1486,Maschhoff_4NL2_RM2_W,MO201901-9JN9RLN4,2022-06-13,green,29.5,green,98.0
1065,1486,Maschhoff_4NL2_RM2_W,MO201901-9JN9RLN4,2022-06-14,green,31.5,green,99.0
1066,1486,Maschhoff_4NL2_RM2_W,MO201901-9JN9RLN4,2022-06-15,green,31.0,green,99.0
1067,1486,Maschhoff_4NL2_RM2_W,MO201901-9JN9RLN4,2022-06-16,yellow,29.5,green,99.0
712,1679,Maschhoff_4NL2_RM2_E,MO202101-LCCRBFFN,2021-12-21,green,27.0,green,99.0
713,1679,Maschhoff_4NL2_RM2_E,MO202101-LCCRBFFN,2021-12-22,green,26.5,green,97.0
714,1679,Maschhoff_4NL2_RM2_E,MO202101-LCCRBFFN,2021-12-23,green,26.5,green,97.0
715,1679,Maschhoff_4NL2_RM2_E,MO202101-LCCRBFFN,2021-12-24,green,27.0,green,98.0
716,1679,Maschhoff_4NL2_RM2_E,MO202101-LCCRBFFN,2021-12-25,green,26.5,green,96.0
717,1679,Maschhoff_4NL2_RM2_E,MO202101-LCCRBFFN,2021-12-26,green,26.0,green,96.0
718,1679,Maschhoff_4NL2_RM2_E,MO202101-LCCRBFFN,2021-12-27,green,26.0,green,99.0
719,1679,Maschhoff_4NL2_RM2_E,MO202101-LCCRBFFN,2021-12-28,green,25.0,green,97.0
720,1679,Maschhoff_4NL2_RM2_E,MO202101-LCCRBFFN,2021-12-29,green,25.0,green,99.0
721,1679,Maschhoff_4NL2_RM2_E,MO202101-LCCRBFFN,2021-12-30,green,24.5,green,98.0
722,1679,Maschhoff_4NL2_RM2_E,MO202101-LCCRBFFN,2021-12-31,green,24.5,green,97.0
723,1679,Maschhoff_4NL2_RM2_E,MO202101-LCCRBFFN,2022-01-01,green,24.0,green,96.0
724,1679,Maschhoff_4NL2_RM2_E,MO202101-LCCRBFFN,2022-01-02,green,23.5,green,98.0
725,1679,Maschhoff_4NL2_RM2_E,MO202101-LCCRBFFN,2022-01-03,green,23.5,green,98.0
726,1679,Maschhoff_4NL2_RM2_E,MO202101-LCCRBFFN,2022-01-04,green,23.5,green,92.0
727,1679,Maschhoff_4NL2_RM2_E,MO202101-LCCRBFFN,2022-01-05,green,23.0,green,98.0
728,1679,Maschhoff_4NL2_RM2_E,MO202101-LCCRBFFN,2022-01-06,green,23.0,green,98.0
729,1679,Maschhoff_4NL2_RM2_E,MO202101-LCCRBFFN,2022-01-07,green,23.0,green,97.0
730,1679,Maschhoff_4NL2_RM2_E,MO202101-LCCRBFFN,2022-01-08,green,24.0,green,97.0
731,1679,Maschhoff_4NL2_RM2_E,MO202101-LCCRBFFN,2022-01-09,green,23.5,green,99.0
732,1679,Maschhoff_4NL2_RM2_E,MO202101-LCCRBFFN,2022-01-10,green,23.5,green,97.0
733,1679,Maschhoff_4NL2_RM2_E,MO202101-LCCRBFFN,2022-01-11,green,24.0,green,97.0
734,1679,Maschhoff_4NL2_RM2_E,MO202101-LCCRBFFN,2022-01-12,green,24.5,green,99.0
735,1679,Maschhoff_4NL2_RM2_E,MO202101-LCCRBFFN,2022-01-13,green,24.5,green,98.0
736,1679,Maschhoff_4NL2_RM2_E,MO202101-LCCRBFFN,2022-01-14,green,24.5,green,98.0
737,1679,Maschhoff_4NL2_RM2_E,MO202101-LCCRBFFN,2022-01-15,green,24.0,green,97.0
738,1679,Maschhoff_4NL2_RM2_E,MO202101-LCCRBFFN,2022-01-16,green,24.0,green,96.0
739,1679,Maschhoff_4NL2_RM2_E,MO202101-LCCRBFFN,2022-01-17,green,24.0,green,96.0
740,1679,Maschhoff_4NL2_RM2_E,MO202101-LCCRBFFN,2022-01-18,green,24.5,green,99.0
741,1679,Maschhoff_4NL2_RM2_E,MO202101-LCCRBFFN,2022-01-19,green,23.5,green,99.0
742,1679,Maschhoff_4NL2_RM2_E,MO202101-LCCRBFFN,2022-01-20,green,23.5,green,96.0
743,1679,Maschhoff_4NL2_RM2_E,MO202101-LCCRBFFN,2022-01-21,green,24.0,green,97.0
744,1679,Maschhoff_4NL2_RM2_E,MO202101-LCCRBFFN,2022-01-22,green,24.0,green,99.0
745,1679,Maschhoff_4NL2_RM2_E,MO202101-LCCRBFFN,2022-01-23,green,24.0,green,99.0
746,1679,Maschhoff_4NL2_RM2_E,MO202101-LCCRBFFN,2022-01-24,green,24.0,green,98.0
747,1679,Maschhoff_4NL2_RM2_E,MO202101-LCCRBFFN,2022-01-25,green,23.5,green,96.0
748,1679,Maschhoff_4NL2_RM2_E,MO202101-LCCRBFFN,2022-01-26,green,24.0,green,99.0
749,1679,Maschhoff_4NL2_RM2_E,MO202101-LCCRBFFN,2022-01-27,green,24.0,green,99.0
750,1679,Maschhoff_4NL2_RM2_E,MO202101-LCCRBFFN,2022-01-28,green,24.0,green,99.0
751,1679,Maschhoff_4NL2_RM2_E,MO202101-LCCRBFFN,2022-01-29,green,24.0,green,97.0
752,1679,Maschhoff_4NL2_RM2_E,MO202101-LCCRBFFN,2022-01-30,green,24.5,green,98.0
753,1679,Maschhoff_4NL2_RM2_E,MO202101-LCCRBFFN,2022-01-31,green,23.5,green,98.0
754,1679,Maschhoff_4NL2_RM2_E,MO202101-LCCRBFFN,2022-02-01,green,23.0,green,96.0
755,1679,Maschhoff_4NL2_RM2_E,MO202101-LCCRBFFN,2022-02-02,green,23.0,green,96.0
756,1679,Maschhoff_4NL2_RM2_E,MO202101-LCCRBFFN,2022-02-03,green,23.0,green,96.0
757,1679,Maschhoff_4NL2_RM2_E,MO202101-LCCRBFFN,2022-02-04,green,22.5,green,96.0
758,1679,Maschhoff_4NL2_RM2_E,MO202101-LCCRBFFN,2022-02-05,green,22.5,green,99.0
759,1679,Maschhoff_4NL2_RM2_E,MO202101-LCCRBFFN,2022-02-06,green,23.0,green,98.0
760,1679,Maschhoff_4NL2_RM2_E,MO202101-LCCRBFFN,2022-02-07,green,23.5,green,98.0
761,1679,Maschhoff_4NL2_RM2_E,MO202101-LCCRBFFN,2022-02-08,green,23.0,green,98.0
762,1679,Maschhoff_4NL2_RM2_E,MO202101-LCCRBFFN,2022-02-09,green,23.0,green,99.0
763,1679,Maschhoff_4NL2_RM2_E,MO202101-LCCRBFFN,2022-02-10,green,23.0,green,97.0
764,1679,Maschhoff_4NL2_RM2_E,MO202101-LCCRBFFN,2022-02-11,green,22.5,green,97.0
765,1679,Maschhoff_4NL2_RM2_E,MO202101-LCCRBFFN,2022-02-12,green,22.5,green,98.0
766,1679,Maschhoff_4NL2_RM2_E,MO202101-LCCRBFFN,2022-02-13,green,22.5,green,99.0
767,1679,Maschhoff_4NL2_RM2_E,MO202101-LCCRBFFN,2022-02-14,green,23.0,green,96.0
768,1679,Maschhoff_4NL2_RM2_E,MO202101-LCCRBFFN,2022-02-15,green,23.0,green,97.0
769,1679,Maschhoff_4NL2_RM2_E,MO202101-LCCRBFFN,2022-02-16,green,23.5,green,98.0
770,1679,Maschhoff_4NL2_RM2_E,MO202101-LCCRBFFN,2022-02-17,green,22.5,green,99.0
771,1679,Maschhoff_4NL2_RM2_E,MO202101-LCCRBFFN,2022-02-18,green,22.0,green,97.0
772,1679,Maschhoff_4NL2_RM2_E,MO202101-LCCRBFFN,2022-02-19,green,22.0,green,98.0
773,1679,Maschhoff_4NL2_RM2_E,MO202101-LCCRBFFN,2022-02-20,green,22.5,green,96.0
774,1679,Maschhoff_4NL2_RM2_E,MO202101-LCCRBFFN,2022-02-21,green,22.5,green,99.0
775,1679,Maschhoff_4NL2_RM2_E,MO202101-LCCRBFFN,2022-02-22,green,22.0,green,99.0
776,1679,Maschhoff_4NL2_RM2_E,MO202101-LCCRBFFN,2022-02-23,green,22.0,green,96.0
777,1679,Maschhoff_4NL2_RM2_E,MO202101-LCCRBFFN,2022-02-24,green,22.5,green,97.0
778,1679,Maschhoff_4NL2_RM2_E,MO202101-LCCRBFFN,2022-02-25,green,22.0,green,98.0
779,1679,Maschhoff_4NL2_RM2_E,MO202101-LCCRBFFN,2022-02-26,green,22.0,green,96.0
780,1679,Maschhoff_4NL2_RM2_E,MO202101-LCCRBFFN,2022-02-27,green,22.0,green,99.0
781,1679,Maschhoff_4NL2_RM2_E,MO202101-LCCRBFFN,2022-02-28,green,22.0,green,99.0
782,1679,Maschhoff_4NL2_RM2_E,MO202101-LCCRBFFN,2022-03-01,green,22.5,green,99.0
783,1679,Maschhoff_4NL2_RM2_E,MO202101-LCCRBFFN,2022-03-02,green,22.0,green,99.0
784,1679,Maschhoff_4NL2_RM2_E,MO202101-LCCRBFFN,2022-03-03,green,22.0,green,98.0
785,1679,Maschhoff_4NL2_RM2_E,MO202101-LCCRBFFN,2022-03-04,green,22.0,green,97.0
786,1679,Maschhoff_4NL2_RM2_E,MO202101-LCCRBFFN,2022-03-05,yellow,22.0,green,96.0
787,1679,Maschhoff_4NL2_RM2_E,MO202101-LCCRBFFN,2022-03-06,green,22.0,green,98.0
788,1679,Maschhoff_4NL2_RM2_E,MO202101-LCCRBFFN,2022-03-07,green,21.5,green,97.0
789,1679,Maschhoff_4NL2_RM2_E,MO202101-LCCRBFFN,2022-03-08,green,22.0,green,99.0
790,1679,Maschhoff_4NL2_RM2_E,MO202101-LCCRBFFN,2022-03-09,green,21.5,green,99.0
791,1679,Maschhoff_4NL2_RM2_E,MO202101-LCCRBFFN,2022-03-10,green,21.5,green,98.0
792,1679,Maschhoff_4NL2_RM2_E,MO202101-LCCRBFFN,2022-03-11,green,21.5,green,97.0
793,1679,Maschhoff_4NL2_RM2_E,MO202101-LCCRBFFN,2022-03-12,green,21.0,green,98.0
794,1679,Maschhoff_4NL2_RM2_E,MO202101-LCCRBFFN,2022-03-13,green,22.0,green,99.0
795,1679,Maschhoff_4NL2_RM2_E,MO202101-LCCRBFFN,2022-03-14,yellow,22.0,green,98.0
796,1679,Maschhoff_4NL2_RM2_E,MO202101-LCCRBFFN,2022-03-15,yellow,21.5,green,98.0
797,1679,Maschhoff_4NL2_RM2_E,MO202101-LCCRBFFN,2022-03-16,green,21.5,green,99.0
798,1679,Maschhoff_4NL2_RM2_E,MO202101-LCCRBFFN,2022-03-17,yellow,21.0,green,98.0
799,1679,Maschhoff_4NL2_RM2_E,MO202101-LCCRBFFN,2022-03-18,green,22.0,green,98.0
800,1679,Maschhoff_4NL2_RM2_E,MO202101-LCCRBFFN,2022-03-19,green,21.5,green,97.0
801,1679,Maschhoff_4NL2_RM2_E,MO202101-LCCRBFFN,2022-03-20,yellow,21.0,green,96.0
802,1679,Maschhoff_4NL2_RM2_E,MO202101-LCCRBFFN,2022-03-21,green,21.5,green,98.0
803,1679,Maschhoff_4NL2_RM2_E,MO202101-LCCRBFFN,2022-03-22,green,21.5,green,99.0
804,1679,Maschhoff_4NL2_RM2_E,MO202101-LCCRBFFN,2022-03-23,green,21.5,green,99.0
805,1679,Maschhoff_4NL2_RM2_E,MO202101-LCCRBFFN,2022-03-24,green,22.0,green,99.0
806,1679,Maschhoff_4NL2_RM2_E,MO202101-LCCRBFFN,2022-03-25,red,19.5,green,99.0
807,1679,Maschhoff_4NL2_RM2_E,MO202101-LCCRBFFN,2022-03-26,green,19.5,green,99.0
808,1679,Maschhoff_4NL2_RM2_E,MO202101-LCCRBFFN,2022-03-27,green,21.0,green,99.0
809,1679,Maschhoff_4NL2_RM2_E,MO202101-LCCRBFFN,2022-03-28,green,21.0,green,98.0
810,1679,Maschhoff_4NL2_RM2_E,MO202101-LCCRBFFN,2022-03-29,green,21.0,green,96.0
811,1679,Maschhoff_4NL2_RM2_E,MO202101-LCCRBFFN,2022-03-30,green,21.0,green,98.0
812,1679,Maschhoff_4NL2_RM2_E,MO202101-LCCRBFFN,2022-03-31,green,21.0,green,96.0
813,1679,Maschhoff_4NL2_RM2_E,MO202101-LCCRBFFN,2022-04-01,green,21.0,green,97.0
814,1679,Maschhoff_4NL2_RM2_E,MO202101-LCCRBFFN,2022-04-02,green,21.0,green,97.0
815,1679,Maschhoff_4NL2_RM2_E,MO202101-LCCRBFFN,2022-04-03,green,20.5,green,99.0
816,1679,Maschhoff_4NL2_RM2_E,MO202101-LCCRBFFN,2022-04-04,green,20.5,green,99.0
817,1679,Maschhoff_4NL2_RM2_E,MO202101-LCCRBFFN,2022-04-05,green,21.0,green,96.0
818,1679,Maschhoff_4NL2_RM2_E,MO202101-LCCRBFFN,2022-04-06,green,20.5,green,98.0
819,1679,Maschhoff_4NL2_RM2_E,MO202101-LCCRBFFN,2022-04-07,green,20.5,green,97.0
820,1679,Maschhoff_4NL2_RM2_E,MO202101-LCCRBFFN,2022-04-08,green,20.5,green,97.0
821,1679,Maschhoff_4NL2_RM2_E,MO202101-LCCRBFFN,2022-04-09,green,20.5,green,96.0
822,1679,Maschhoff_4NL2_RM2_E,MO202101-LCCRBFFN,2022-04-10,green,20.5,green,97.0
823,1679,Maschhoff_4NL2_RM2_E,MO202101-LCCRBFFN,2022-04-11,yellow,20.0,green,98.0
824,1679,Maschhoff_4NL2_RM2_E,MO202101-LCCRBFFN,2022-04-12,green,20.5,green,98.0
825,1679,Maschhoff_4NL2_RM2_E,MO202101-LCCRBFFN,2022-04-13,red,18.5,green,99.0
826,1679,Maschhoff_4NL2_RM2_E,MO202101-LCCRBFFN,2022-04-14,yellow,20.0,green,98.0
827,1679,Maschhoff_4NL2_RM2_E,MO202101-LCCRBFFN,2022-04-15,green,20.5,green,98.0
828,1679,Maschhoff_4NL2_RM2_E,MO202101-LCCRBFFN,2022-04-16,green,20.0,green,98.0
829,1679,Maschhoff_4NL2_RM2_E,MO202101-LCCRBFFN,2022-04-17,green,20.5,green,99.0
830,1679,Maschhoff_4NL2_RM2_E,MO202101-LCCRBFFN,2022-04-18,green,19.5,green,99.0
831,1679,Maschhoff_4NL2_RM2_E,MO202101-LCCRBFFN,2022-04-19,green,20.0,green,99.0
832,1679,Maschhoff_4NL2_RM2_E,MO202101-LCCRBFFN,2022-04-20,green,20.5,green,97.0
833,1679,Maschhoff_4NL2_RM2_E,MO202101-LCCRBFFN,2022-04-21,yellow,19.5,green,99.0
834,1679,Maschhoff_4NL2_RM2_E,MO202101-LCCRBFFN,2022-04-22,green,20.5,green,97.0
835,1679,Maschhoff_4NL2_RM2_E,MO202101-LCCRBFFN,2022-04-23,green,23.0,green,99.0
836,1679,Maschhoff_4NL2_RM2_E,MO202101-LCCRBFFN,2022-04-24,green,19.0,green,98.0
837,1679,Maschhoff_4NL2_RM2_E,MO202101-LCCRBFFN,2022-04-25,red,18.5,green,98.0
838,1679,Maschhoff_4NL2_RM2_E,MO202101-LCCRBFFN,2022-04-26,green,18.5,green,99.0
839,1679,Maschhoff_4NL2_RM2_E,MO202101-LCCRBFFN,2022-04-27,yellow,19.0,green,99.0
840,1679,Maschhoff_4NL2_RM2_E,MO202101-LCCRBFFN,2022-04-28,green,19.5,green,99.0
841,1679,Maschhoff_4NL2_RM2_E,MO202101-LCCRBFFN,2022-04-29,green,19.0,green,99.0
842,1679,Maschhoff_4NL2_RM2_E,MO202101-LCCRBFFN,2022-04-30,yellow,19.5,green,98.0
843,1679,Maschhoff_4NL2_RM2_E,MO202101-LCCRBFFN,2022-05-01,yellow,19.0,green,99.0
844,1679,Maschhoff_4NL2_RM2_E,MO202101-LCCRBFFN,2022-05-02,green,18.5,green,97.0
845,1679,Maschhoff_4NL2_RM2_E,MO202101-LCCRBFFN,2022-05-03,green,19.5,green,99.0
846,1679,Maschhoff_4NL2_RM2_E,MO202101-LCCRBFFN,2022-05-04,green,18.5,green,99.0
847,1679,Maschhoff_4NL2_RM2_E,MO202101-LCCRBFFN,2022-05-05,green,19.0,green,99.0
848,1679,Maschhoff_4NL2_RM2_E,MO202101-LCCRBFFN,2022-05-06,green,19.0,green,99.0
849,1679,Maschhoff_4NL2_RM2_E,MO202101-LCCRBFFN,2022-05-07,green,19.0,green,99.0
850,1679,Maschhoff_4NL2_RM2_E,MO202101-LCCRBFFN,2022-05-08,green,19.5,green,98.0
851,1679,Maschhoff_4NL2_RM2_E,MO202101-LCCRBFFN,2022-05-09,yellow,23.5,green,96.0
852,1679,Maschhoff_4NL2_RM2_E,MO202101-LCCRBFFN,2022-05-10,yellow,26.5,green,99.0
853,1679,Maschhoff_4NL2_RM2_E,MO202101-LCCRBFFN,2022-05-11,yellow,28.0,green,99.0
854,1679,Maschhoff_4NL2_RM2_E,MO202101-LCCRBFFN,2022-05-12,yellow,28.5,green,99.0
855,1679,Maschhoff_4NL2_RM2_E,MO202101-LCCRBFFN,2022-05-13,green,25.0,green,98.0
856,1679,Maschhoff_4NL2_RM2_E,MO202101-LCCRBFFN,2022-05-14,red,23.0,green,97.0
857,1679,Maschhoff_4NL2_RM2_E,MO202101-LCCRBFFN,2022-05-15,green,19.0,green,96.0
858,1679,Maschhoff_4NL2_RM2_E,MO202101-LCCRBFFN,2022-05-16,red,21.0,green,97.0
859,1679,Maschhoff_4NL2_RM2_E,MO202101-LCCRBFFN,2022-05-17,blue,18.5,blue,
860,1679,Maschhoff_4NL2_RM2_E,MO202101-LCCRBFFN,2022-05-18,blue,,blue,
861,1679,Maschhoff_4NL2_RM2_E,MO202101-LCCRBFFN,2022-05-19,green,26.0,blue,
862,1679,Maschhoff_4NL2_RM2_E,MO202101-LCCRBFFN,2022-05-20,green,22.5,green,97.0
863,1679,Maschhoff_4NL2_RM2_E,MO202101-LCCRBFFN,2022-05-21,green,18.0,green,99.0
864,1679,Maschhoff_4NL2_RM2_E,MO202101-LCCRBFFN,2022-05-22,green,16.5,green,97.0
865,1679,Maschhoff_4NL2_RM2_E,MO202101-LCCRBFFN,2022-05-23,yellow,24.5,green,97.0
866,1679,Maschhoff_4NL2_RM2_E,MO202101-LCCRBFFN,2022-05-24,yellow,29.0,green,89.0
867,1679,Maschhoff_4NL2_RM2_E,MO202101-LCCRBFFN,2022-05-25,green,28.5,green,92.0
868,1679,Maschhoff_4NL2_RM2_E,MO202101-LCCRBFFN,2022-05-26,green,28.5,green,83.0
869,1679,Maschhoff_4NL2_RM2_E,MO202101-LCCRBFFN,2022-05-27,green,28.5,green,89.0
870,1679,Maschhoff_4NL2_RM2_E,MO202101-LCCRBFFN,2022-05-28,green,28.5,green,83.0
871,1679,Maschhoff_4NL2_RM2_E,MO202101-LCCRBFFN,2022-05-29,green,29.0,green,73.0
872,1679,Maschhoff_4NL2_RM2_E,MO202101-LCCRBFFN,2022-05-30,green,29.5,green,83.0
873,1679,Maschhoff_4NL2_RM2_E,MO202101-LCCRBFFN,2022-05-31,green,29.0,green,85.0
874,1679,Maschhoff_4NL2_RM2_E,MO202101-LCCRBFFN,2022-06-01,green,28.5,green,79.0
875,1679,Maschhoff_4NL2_RM2_E,MO202101-LCCRBFFN,2022-06-02,green,29.0,green,86.0
876,1679,Maschhoff_4NL2_RM2_E,MO202101-LCCRBFFN,2022-06-03,green,29.0,green,92.0
877,1679,Maschhoff_4NL2_RM2_E,MO202101-LCCRBFFN,2022-06-04,green,28.5,green,96.0
878,1679,Maschhoff_4NL2_RM2_E,MO202101-LCCRBFFN,2022-06-05,green,28.5,green,96.0
879,1679,Maschhoff_4NL2_RM2_E,MO202101-LCCRBFFN,2022-06-06,green,28.5,green,95.0
880,1679,Maschhoff_4NL2_RM2_E,MO202101-LCCRBFFN,2022-06-07,green,28.0,green,97.0
881,1679,Maschhoff_4NL2_RM2_E,MO202101-LCCRBFFN,2022-06-08,green,27.0,green,97.0
882,1679,Maschhoff_4NL2_RM2_E,MO202101-LCCRBFFN,2022-06-09,green,27.0,green,98.0
883,1679,Maschhoff_4NL2_RM2_E,MO202101-LCCRBFFN,2022-06-10,green,27.0,green,97.0
884,1679,Maschhoff_4NL2_RM2_E,MO202101-LCCRBFFN,2022-06-11,green,27.0,green,97.0
885,1679,Maschhoff_4NL2_RM2_E,MO202101-LCCRBFFN,2022-06-12,green,27.0,green,97.0
886,1679,Maschhoff_4NL2_RM2_E,MO202101-LCCRBFFN,2022-06-13,green,29.0,green,96.0
887,1679,Maschhoff_4NL2_RM2_E,MO202101-LCCRBFFN,2022-06-14,yellow,30.5,green,97.0
888,1679,Maschhoff_4NL2_RM2_E,MO202101-LCCRBFFN,2022-06-15,yellow,30.0,green,97.0
889,1679,Maschhoff_4NL2_RM2_E,MO202101-LCCRBFFN,2022-06-16,yellow,28.5,green,98.0
356,1701,Maschhoff_4NL2_RM1_W,MO202101-C6RVS5CD,2021-12-21,green,25.0,green,97.0
357,1701,Maschhoff_4NL2_RM1_W,MO202101-C6RVS5CD,2021-12-22,green,25.0,green,96.0
358,1701,Maschhoff_4NL2_RM1_W,MO202101-C6RVS5CD,2021-12-23,green,25.0,green,95.0
359,1701,Maschhoff_4NL2_RM1_W,MO202101-C6RVS5CD,2021-12-24,green,25.5,green,92.0
360,1701,Maschhoff_4NL2_RM1_W,MO202101-C6RVS5CD,2021-12-25,green,25.5,green,95.0
361,1701,Maschhoff_4NL2_RM1_W,MO202101-C6RVS5CD,2021-12-26,green,24.5,green,96.0
362,1701,Maschhoff_4NL2_RM1_W,MO202101-C6RVS5CD,2021-12-27,green,25.0,green,89.0
363,1701,Maschhoff_4NL2_RM1_W,MO202101-C6RVS5CD,2021-12-28,green,24.5,green,88.0
364,1701,Maschhoff_4NL2_RM1_W,MO202101-C6RVS5CD,2021-12-29,green,24.0,green,91.0
365,1701,Maschhoff_4NL2_RM1_W,MO202101-C6RVS5CD,2021-12-30,green,24.5,green,90.0
366,1701,Maschhoff_4NL2_RM1_W,MO202101-C6RVS5CD,2021-12-31,green,24.5,green,93.0
367,1701,Maschhoff_4NL2_RM1_W,MO202101-C6RVS5CD,2022-01-01,green,24.0,green,93.0
368,1701,Maschhoff_4NL2_RM1_W,MO202101-C6RVS5CD,2022-01-02,green,23.5,green,94.0
369,1701,Maschhoff_4NL2_RM1_W,MO202101-C6RVS5CD,2022-01-03,green,23.0,green,84.0
370,1701,Maschhoff_4NL2_RM1_W,MO202101-C6RVS5CD,2022-01-04,green,23.5,green,86.0
371,1701,Maschhoff_4NL2_RM1_W,MO202101-C6RVS5CD,2022-01-05,green,24.0,green,88.0
372,1701,Maschhoff_4NL2_RM1_W,MO202101-C6RVS5CD,2022-01-06,green,24.5,green,87.0
373,1701,Maschhoff_4NL2_RM1_W,MO202101-C6RVS5CD,2022-01-07,green,23.5,green,87.0
374,1701,Maschhoff_4NL2_RM1_W,MO202101-C6RVS5CD,2022-01-08,green,23.0,green,93.0
375,1701,Maschhoff_4NL2_RM1_W,MO202101-C6RVS5CD,2022-01-09,green,25.0,green,97.0
376,1701,Maschhoff_4NL2_RM1_W,MO202101-C6RVS5CD,2022-01-10,green,24.0,green,94.0
377,1701,Maschhoff_4NL2_RM1_W,MO202101-C6RVS5CD,2022-01-11,green,23.5,green,93.0
378,1701,Maschhoff_4NL2_RM1_W,MO202101-C6RVS5CD,2022-01-12,green,23.5,green,74.0
379,1701,Maschhoff_4NL2_RM1_W,MO202101-C6RVS5CD,2022-01-13,green,23.5,yellow,47.0
380,1701,Maschhoff_4NL2_RM1_W,MO202101-C6RVS5CD,2022-01-14,green,23.0,yellow,47.0
381,1701,Maschhoff_4NL2_RM1_W,MO202101-C6RVS5CD,2022-01-15,green,22.5,yellow,52.0
382,1701,Maschhoff_4NL2_RM1_W,MO202101-C6RVS5CD,2022-01-16,green,22.5,green,68.0
383,1701,Maschhoff_4NL2_RM1_W,MO202101-C6RVS5CD,2022-01-17,green,23.0,green,72.0
384,1701,Maschhoff_4NL2_RM1_W,MO202101-C6RVS5CD,2022-01-18,green,23.0,yellow,55.0
385,1701,Maschhoff_4NL2_RM1_W,MO202101-C6RVS5CD,2022-01-19,green,23.0,green,76.0
386,1701,Maschhoff_4NL2_RM1_W,MO202101-C6RVS5CD,2022-01-20,green,22.0,green,82.0
387,1701,Maschhoff_4NL2_RM1_W,MO202101-C6RVS5CD,2022-01-21,green,22.0,green,78.0
388,1701,Maschhoff_4NL2_RM1_W,MO202101-C6RVS5CD,2022-01-22,green,23.0,green,77.0
389,1701,Maschhoff_4NL2_RM1_W,MO202101-C6RVS5CD,2022-01-23,green,23.0,green,73.0
390,1701,Maschhoff_4NL2_RM1_W,MO202101-C6RVS5CD,2022-01-24,green,23.0,green,71.0
391,1701,Maschhoff_4NL2_RM1_W,MO202101-C6RVS5CD,2022-01-25,green,23.0,green,69.0
392,1701,Maschhoff_4NL2_RM1_W,MO202101-C6RVS5CD,2022-01-26,green,22.0,green,67.0
393,1701,Maschhoff_4NL2_RM1_W,MO202101-C6RVS5CD,2022-01-27,green,23.0,green,73.0
394,1701,Maschhoff_4NL2_RM1_W,MO202101-C6RVS5CD,2022-01-28,green,22.5,yellow,55.0
395,1701,Maschhoff_4NL2_RM1_W,MO202101-C6RVS5CD,2022-01-29,green,22.5,yellow,56.0
396,1701,Maschhoff_4NL2_RM1_W,MO202101-C6RVS5CD,2022-01-30,green,23.0,yellow,55.0
397,1701,Maschhoff_4NL2_RM1_W,MO202101-C6RVS5CD,2022-01-31,green,22.5,green,74.0
398,1701,Maschhoff_4NL2_RM1_W,MO202101-C6RVS5CD,2022-02-01,green,23.0,green,77.0
399,1701,Maschhoff_4NL2_RM1_W,MO202101-C6RVS5CD,2022-02-02,green,22.5,green,68.0
400,1701,Maschhoff_4NL2_RM1_W,MO202101-C6RVS5CD,2022-02-03,green,21.5,green,78.0
401,1701,Maschhoff_4NL2_RM1_W,MO202101-C6RVS5CD,2022-02-04,green,22.0,green,83.0
402,1701,Maschhoff_4NL2_RM1_W,MO202101-C6RVS5CD,2022-02-05,green,21.0,green,84.0
403,1701,Maschhoff_4NL2_RM1_W,MO202101-C6RVS5CD,2022-02-06,green,22.5,green,79.0
404,1701,Maschhoff_4NL2_RM1_W,MO202101-C6RVS5CD,2022-02-07,green,22.5,green,77.0
405,1701,Maschhoff_4NL2_RM1_W,MO202101-C6RVS5CD,2022-02-08,green,22.5,green,77.0
406,1701,Maschhoff_4NL2_RM1_W,MO202101-C6RVS5CD,2022-02-09,green,22.5,green,78.0
407,1701,Maschhoff_4NL2_RM1_W,MO202101-C6RVS5CD,2022-02-10,green,22.5,green,77.0
408,1701,Maschhoff_4NL2_RM1_W,MO202101-C6RVS5CD,2022-02-11,green,23.0,green,86.0
409,1701,Maschhoff_4NL2_RM1_W,MO202101-C6RVS5CD,2022-02-12,green,22.5,green,79.0
410,1701,Maschhoff_4NL2_RM1_W,MO202101-C6RVS5CD,2022-02-13,green,22.0,green,75.0
411,1701,Maschhoff_4NL2_RM1_W,MO202101-C6RVS5CD,2022-02-14,green,22.0,green,75.0
412,1701,Maschhoff_4NL2_RM1_W,MO202101-C6RVS5CD,2022-02-15,green,22.0,green,78.0
413,1701,Maschhoff_4NL2_RM1_W,MO202101-C6RVS5CD,2022-02-16,green,22.5,green,94.0
414,1701,Maschhoff_4NL2_RM1_W,MO202101-C6RVS5CD,2022-02-17,green,22.5,green,75.0
415,1701,Maschhoff_4NL2_RM1_W,MO202101-C6RVS5CD,2022-02-18,green,22.0,green,67.0
416,1701,Maschhoff_4NL2_RM1_W,MO202101-C6RVS5CD,2022-02-19,green,22.5,green,64.0
417,1701,Maschhoff_4NL2_RM1_W,MO202101-C6RVS5CD,2022-02-20,green,21.5,green,84.0
418,1701,Maschhoff_4NL2_RM1_W,MO202101-C6RVS5CD,2022-02-21,green,22.5,green,94.0
419,1701,Maschhoff_4NL2_RM1_W,MO202101-C6RVS5CD,2022-02-22,green,23.0,green,87.0
420,1701,Maschhoff_4NL2_RM1_W,MO202101-C6RVS5CD,2022-02-23,green,22.5,green,67.0
421,1701,Maschhoff_4NL2_RM1_W,MO202101-C6RVS5CD,2022-02-24,green,22.0,green,74.0
422,1701,Maschhoff_4NL2_RM1_W,MO202101-C6RVS5CD,2022-02-25,green,22.0,green,76.0
423,1701,Maschhoff_4NL2_RM1_W,MO202101-C6RVS5CD,2022-02-26,green,22.0,green,71.0
424,1701,Maschhoff_4NL2_RM1_W,MO202101-C6RVS5CD,2022-02-27,green,22.5,green,84.0
425,1701,Maschhoff_4NL2_RM1_W,MO202101-C6RVS5CD,2022-02-28,green,22.0,green,87.0
426,1701,Maschhoff_4NL2_RM1_W,MO202101-C6RVS5CD,2022-03-01,green,22.5,green,99.0
427,1701,Maschhoff_4NL2_RM1_W,MO202101-C6RVS5CD,2022-03-02,green,22.5,green,99.0
428,1701,Maschhoff_4NL2_RM1_W,MO202101-C6RVS5CD,2022-03-03,green,21.5,green,98.0
429,1701,Maschhoff_4NL2_RM1_W,MO202101-C6RVS5CD,2022-03-04,green,21.5,green,93.0
430,1701,Maschhoff_4NL2_RM1_W,MO202101-C6RVS5CD,2022-03-05,green,22.0,green,97.0
431,1701,Maschhoff_4NL2_RM1_W,MO202101-C6RVS5CD,2022-03-06,green,22.5,green,98.0
432,1701,Maschhoff_4NL2_RM1_W,MO202101-C6RVS5CD,2022-03-07,green,22.0,green,93.0
433,1701,Maschhoff_4NL2_RM1_W,MO202101-C6RVS5CD,2022-03-08,green,22.0,green,81.0
434,1701,Maschhoff_4NL2_RM1_W,MO202101-C6RVS5CD,2022-03-09,green,22.0,green,95.0
435,1701,Maschhoff_4NL2_RM1_W,MO202101-C6RVS5CD,2022-03-10,green,22.0,green,85.0
436,1701,Maschhoff_4NL2_RM1_W,MO202101-C6RVS5CD,2022-03-11,green,22.5,green,80.0
437,1701,Maschhoff_4NL2_RM1_W,MO202101-C6RVS5CD,2022-03-12,green,22.0,green,83.0
438,1701,Maschhoff_4NL2_RM1_W,MO202101-C6RVS5CD,2022-03-13,green,21.5,green,92.0
439,1701,Maschhoff_4NL2_RM1_W,MO202101-C6RVS5CD,2022-03-14,green,22.0,green,98.0
440,1701,Maschhoff_4NL2_RM1_W,MO202101-C6RVS5CD,2022-03-15,green,22.0,green,98.0
441,1701,Maschhoff_4NL2_RM1_W,MO202101-C6RVS5CD,2022-03-16,green,22.0,green,99.0
442,1701,Maschhoff_4NL2_RM1_W,MO202101-C6RVS5CD,2022-03-17,green,22.0,green,98.0
443,1701,Maschhoff_4NL2_RM1_W,MO202101-C6RVS5CD,2022-03-18,green,21.5,green,98.0
444,1701,Maschhoff_4NL2_RM1_W,MO202101-C6RVS5CD,2022-03-19,green,22.0,green,99.0
445,1701,Maschhoff_4NL2_RM1_W,MO202101-C6RVS5CD,2022-03-20,green,22.0,green,99.0
446,1701,Maschhoff_4NL2_RM1_W,MO202101-C6RVS5CD,2022-03-21,green,22.0,green,98.0
447,1701,Maschhoff_4NL2_RM1_W,MO202101-C6RVS5CD,2022-03-22,green,21.0,green,99.0
448,1701,Maschhoff_4NL2_RM1_W,MO202101-C6RVS5CD,2022-03-23,green,21.5,green,98.0
449,1701,Maschhoff_4NL2_RM1_W,MO202101-C6RVS5CD,2022-03-24,green,22.0,green,97.0
450,1701,Maschhoff_4NL2_RM1_W,MO202101-C6RVS5CD,2022-03-25,green,23.0,green,98.0
451,1701,Maschhoff_4NL2_RM1_W,MO202101-C6RVS5CD,2022-03-26,green,22.5,green,97.0
452,1701,Maschhoff_4NL2_RM1_W,MO202101-C6RVS5CD,2022-03-27,green,21.5,green,98.0
453,1701,Maschhoff_4NL2_RM1_W,MO202101-C6RVS5CD,2022-03-28,green,21.5,green,98.0
454,1701,Maschhoff_4NL2_RM1_W,MO202101-C6RVS5CD,2022-03-29,green,21.5,green,99.0
455,1701,Maschhoff_4NL2_RM1_W,MO202101-C6RVS5CD,2022-03-30,green,21.0,green,99.0
456,1701,Maschhoff_4NL2_RM1_W,MO202101-C6RVS5CD,2022-03-31,green,22.0,green,97.0
457,1701,Maschhoff_4NL2_RM1_W,MO202101-C6RVS5CD,2022-04-01,green,21.5,green,98.0
458,1701,Maschhoff_4NL2_RM1_W,MO202101-C6RVS5CD,2022-04-02,green,21.5,green,99.0
459,1701,Maschhoff_4NL2_RM1_W,MO202101-C6RVS5CD,2022-04-03,green,21.0,green,99.0
460,1701,Maschhoff_4NL2_RM1_W,MO202101-C6RVS5CD,2022-04-04,green,21.0,green,99.0
461,1701,Maschhoff_4NL2_RM1_W,MO202101-C6RVS5CD,2022-04-05,green,21.0,green,99.0
462,1701,Maschhoff_4NL2_RM1_W,MO202101-C6RVS5CD,2022-04-06,green,21.0,green,96.0
463,1701,Maschhoff_4NL2_RM1_W,MO202101-C6RVS5CD,2022-04-07,green,21.5,green,99.0
464,1701,Maschhoff_4NL2_RM1_W,MO202101-C6RVS5CD,2022-04-08,green,21.5,green,98.0
465,1701,Maschhoff_4NL2_RM1_W,MO202101-C6RVS5CD,2022-04-09,green,21.0,green,99.0
466,1701,Maschhoff_4NL2_RM1_W,MO202101-C6RVS5CD,2022-04-10,green,21.5,green,99.0
467,1701,Maschhoff_4NL2_RM1_W,MO202101-C6RVS5CD,2022-04-11,green,20.5,green,99.0
468,1701,Maschhoff_4NL2_RM1_W,MO202101-C6RVS5CD,2022-04-12,green,21.0,green,99.0
469,1701,Maschhoff_4NL2_RM1_W,MO202101-C6RVS5CD,2022-04-13,green,21.0,green,98.0
470,1701,Maschhoff_4NL2_RM1_W,MO202101-C6RVS5CD,2022-04-14,green,21.5,green,99.0
471,1701,Maschhoff_4NL2_RM1_W,MO202101-C6RVS5CD,2022-04-15,green,20.5,green,97.0
472,1701,Maschhoff_4NL2_RM1_W,MO202101-C6RVS5CD,2022-04-16,green,20.5,green,99.0
473,1701,Maschhoff_4NL2_RM1_W,MO202101-C6RVS5CD,2022-04-17,green,20.5,green,98.0
474,1701,Maschhoff_4NL2_RM1_W,MO202101-C6RVS5CD,2022-04-18,green,21.5,green,99.0
475,1701,Maschhoff_4NL2_RM1_W,MO202101-C6RVS5CD,2022-04-19,green,20.5,green,99.0
476,1701,Maschhoff_4NL2_RM1_W,MO202101-C6RVS5CD,2022-04-20,green,20.5,green,96.0
477,1701,Maschhoff_4NL2_RM1_W,MO202101-C6RVS5CD,2022-04-21,green,20.0,green,98.0
478,1701,Maschhoff_4NL2_RM1_W,MO202101-C6RVS5CD,2022-04-22,green,21.0,green,99.0
479,1701,Maschhoff_4NL2_RM1_W,MO202101-C6RVS5CD,2022-04-23,green,23.5,green,99.0
480,1701,Maschhoff_4NL2_RM1_W,MO202101-C6RVS5CD,2022-04-24,green,20.0,green,99.0
481,1701,Maschhoff_4NL2_RM1_W,MO202101-C6RVS5CD,2022-04-25,green,20.0,green,99.0
482,1701,Maschhoff_4NL2_RM1_W,MO202101-C6RVS5CD,2022-04-26,green,20.0,green,96.0
483,1701,Maschhoff_4NL2_RM1_W,MO202101-C6RVS5CD,2022-04-27,green,20.0,green,96.0
484,1701,Maschhoff_4NL2_RM1_W,MO202101-C6RVS5CD,2022-04-28,green,20.0,green,96.0
485,1701,Maschhoff_4NL2_RM1_W,MO202101-C6RVS5CD,2022-04-29,green,20.0,green,99.0
486,1701,Maschhoff_4NL2_RM1_W,MO202101-C6RVS5CD,2022-04-30,yellow,20.5,green,99.0
487,1701,Maschhoff_4NL2_RM1_W,MO202101-C6RVS5CD,2022-05-01,green,19.5,green,97.0
488,1701,Maschhoff_4NL2_RM1_W,MO202101-C6RVS5CD,2022-05-02,green,19.5,green,99.0
489,1701,Maschhoff_4NL2_RM1_W,MO202101-C6RVS5CD,2022-05-03,green,20.0,green,98.0
490,1701,Maschhoff_4NL2_RM1_W,MO202101-C6RVS5CD,2022-05-04,green,20.5,green,97.0
491,1701,Maschhoff_4NL2_RM1_W,MO202101-C6RVS5CD,2022-05-05,green,20.5,green,99.0
492,1701,Maschhoff_4NL2_RM1_W,MO202101-C6RVS5CD,2022-05-06,green,20.5,green,97.0
493,1701,Maschhoff_4NL2_RM1_W,MO202101-C6RVS5CD,2022-05-07,green,20.0,green,96.0
494,1701,Maschhoff_4NL2_RM1_W,MO202101-C6RVS5CD,2022-05-08,green,20.0,green,97.0
495,1701,Maschhoff_4NL2_RM1_W,MO202101-C6RVS5CD,2022-05-09,green,23.5,green,97.0
496,1701,Maschhoff_4NL2_RM1_W,MO202101-C6RVS5CD,2022-05-10,yellow,26.5,green,96.0
497,1701,Maschhoff_4NL2_RM1_W,MO202101-C6RVS5CD,2022-05-11,yellow,28.0,green,99.0
498,1701,Maschhoff_4NL2_RM1_W,MO202101-C6RVS5CD,2022-05-12,yellow,28.0,green,98.0
499,1701,Maschhoff_4NL2_RM1_W,MO202101-C6RVS5CD,2022-05-13,green,25.0,green,97.0
500,1701,Maschhoff_4NL2_RM1_W,MO202101-C6RVS5CD,2022-05-14,red,23.0,green,97.0
501,1701,Maschhoff_4NL2_RM1_W,MO202101-C6RVS5CD,2022-05-15,green,19.5,green,99.0
502,1701,Maschhoff_4NL2_RM1_W,MO202101-C6RVS5CD,2022-05-16,yellow,21.0,green,99.0
503,1701,Maschhoff_4NL2_RM1_W,MO202101-C6RVS5CD,2022-05-17,blue,18.0,blue,
504,1701,Maschhoff_4NL2_RM1_W,MO202101-C6RVS5CD,2022-05-18,blue,,blue,
505,1701,Maschhoff_4NL2_RM1_W,MO202101-C6RVS5CD,2022-05-19,green,25.0,blue,
506,1701,Maschhoff_4NL2_RM1_W,MO202101-C6RVS5CD,2022-05-20,green,22.0,green,97.0
507,1701,Maschhoff_4NL2_RM1_W,MO202101-C6RVS5CD,2022-05-21,green,17.5,green,96.0
508,1701,Maschhoff_4NL2_RM1_W,MO202101-C6RVS5CD,2022-05-22,green,16.0,green,97.0
509,1701,Maschhoff_4NL2_RM1_W,MO202101-C6RVS5CD,2022-05-23,green,24.0,green,99.0
510,1701,Maschhoff_4NL2_RM1_W,MO202101-C6RVS5CD,2022-05-24,green,28.0,green,74.0
511,1701,Maschhoff_4NL2_RM1_W,MO202101-C6RVS5CD,2022-05-25,green,28.0,yellow,43.0
512,1701,Maschhoff_4NL2_RM1_W,MO202101-C6RVS5CD,2022-05-26,green,28.0,green,69.0
513,1701,Maschhoff_4NL2_RM1_W,MO202101-C6RVS5CD,2022-05-27,green,28.0,green,76.0
514,1701,Maschhoff_4NL2_RM1_W,MO202101-C6RVS5CD,2022-05-28,green,28.0,green,83.0
515,1701,Maschhoff_4NL2_RM1_W,MO202101-C6RVS5CD,2022-05-29,green,29.0,green,84.0
516,1701,Maschhoff_4NL2_RM1_W,MO202101-C6RVS5CD,2022-05-30,green,29.0,green,91.0
517,1701,Maschhoff_4NL2_RM1_W,MO202101-C6RVS5CD,2022-05-31,green,29.5,green,89.0
518,1701,Maschhoff_4NL2_RM1_W,MO202101-C6RVS5CD,2022-06-01,green,28.5,green,91.0
519,1701,Maschhoff_4NL2_RM1_W,MO202101-C6RVS5CD,2022-06-02,green,28.0,green,96.0
520,1701,Maschhoff_4NL2_RM1_W,MO202101-C6RVS5CD,2022-06-03,green,28.5,green,96.0
521,1701,Maschhoff_4NL2_RM1_W,MO202101-C6RVS5CD,2022-06-04,green,28.0,green,97.0
522,1701,Maschhoff_4NL2_RM1_W,MO202101-C6RVS5CD,2022-06-05,green,28.0,green,97.0
523,1701,Maschhoff_4NL2_RM1_W,MO202101-C6RVS5CD,2022-06-06,green,28.5,green,94.0
524,1701,Maschhoff_4NL2_RM1_W,MO202101-C6RVS5CD,2022-06-07,green,28.0,green,97.0
525,1701,Maschhoff_4NL2_RM1_W,MO202101-C6RVS5CD,2022-06-08,green,27.5,green,96.0
526,1701,Maschhoff_4NL2_RM1_W,MO202101-C6RVS5CD,2022-06-09,green,27.5,green,97.0
527,1701,Maschhoff_4NL2_RM1_W,MO202101-C6RVS5CD,2022-06-10,green,27.0,green,95.0
528,1701,Maschhoff_4NL2_RM1_W,MO202101-C6RVS5CD,2022-06-11,green,27.0,green,97.0
529,1701,Maschhoff_4NL2_RM1_W,MO202101-C6RVS5CD,2022-06-12,green,27.5,green,98.0
530,1701,Maschhoff_4NL2_RM1_W,MO202101-C6RVS5CD,2022-06-13,green,28.5,green,97.0
531,1701,Maschhoff_4NL2_RM1_W,MO202101-C6RVS5CD,2022-06-14,yellow,30.0,green,99.0
532,1701,Maschhoff_4NL2_RM1_W,MO202101-C6RVS5CD,2022-06-15,green,29.5,green,98.0
533,1701,Maschhoff_4NL2_RM1_W,MO202101-C6RVS5CD,2022-06-16,yellow,28.5,green,99.0
534,1711,Maschhoff_4NL2_RM2_C,MO202101-XQTNSFJB,2021-12-21,green,26.0,green,98.0
535,1711,Maschhoff_4NL2_RM2_C,MO202101-XQTNSFJB,2021-12-22,yellow,25.5,green,99.0
536,1711,Maschhoff_4NL2_RM2_C,MO202101-XQTNSFJB,2021-12-23,green,24.0,green,99.0
537,1711,Maschhoff_4NL2_RM2_C,MO202101-XQTNSFJB,2021-12-24,green,24.5,green,97.0
538,1711,Maschhoff_4NL2_RM2_C,MO202101-XQTNSFJB,2021-12-25,green,24.5,green,98.0
539,1711,Maschhoff_4NL2_RM2_C,MO202101-XQTNSFJB,2021-12-26,green,22.5,green,99.0
540,1711,Maschhoff_4NL2_RM2_C,MO202101-XQTNSFJB,2021-12-27,green,23.5,green,99.0
541,1711,Maschhoff_4NL2_RM2_C,MO202101-XQTNSFJB,2021-12-28,green,23.0,green,99.0
542,1711,Maschhoff_4NL2_RM2_C,MO202101-XQTNSFJB,2021-12-29,green,23.0,green,99.0
543,1711,Maschhoff_4NL2_RM2_C,MO202101-XQTNSFJB,2021-12-30,green,22.5,green,99.0
544,1711,Maschhoff_4NL2_RM2_C,MO202101-XQTNSFJB,2021-12-31,green,22.5,green,97.0
545,1711,Maschhoff_4NL2_RM2_C,MO202101-XQTNSFJB,2022-01-01,green,22.5,green,99.0
546,1711,Maschhoff_4NL2_RM2_C,MO202101-XQTNSFJB,2022-01-02,green,22.0,green,99.0
547,1711,Maschhoff_4NL2_RM2_C,MO202101-XQTNSFJB,2022-01-03,yellow,21.5,green,99.0
548,1711,Maschhoff_4NL2_RM2_C,MO202101-XQTNSFJB,2022-01-04,green,19.5,green,98.0
549,1711,Maschhoff_4NL2_RM2_C,MO202101-XQTNSFJB,2022-01-05,green,21.5,green,97.0
550,1711,Maschhoff_4NL2_RM2_C,MO202101-XQTNSFJB,2022-01-06,green,21.5,green,99.0
551,1711,Maschhoff_4NL2_RM2_C,MO202101-XQTNSFJB,2022-01-07,green,21.5,green,99.0
552,1711,Maschhoff_4NL2_RM2_C,MO202101-XQTNSFJB,2022-01-08,green,22.0,green,98.0
553,1711,Maschhoff_4NL2_RM2_C,MO202101-XQTNSFJB,2022-01-09,green,23.0,green,99.0
554,1711,Maschhoff_4NL2_RM2_C,MO202101-XQTNSFJB,2022-01-10,green,22.5,green,97.0
555,1711,Maschhoff_4NL2_RM2_C,MO202101-XQTNSFJB,2022-01-11,green,22.5,green,99.0
556,1711,Maschhoff_4NL2_RM2_C,MO202101-XQTNSFJB,2022-01-12,green,23.0,green,97.0
557,1711,Maschhoff_4NL2_RM2_C,MO202101-XQTNSFJB,2022-01-13,green,23.0,green,99.0
558,1711,Maschhoff_4NL2_RM2_C,MO202101-XQTNSFJB,2022-01-14,green,22.5,green,99.0
559,1711,Maschhoff_4NL2_RM2_C,MO202101-XQTNSFJB,2022-01-15,green,22.0,green,96.0
560,1711,Maschhoff_4NL2_RM2_C,MO202101-XQTNSFJB,2022-01-16,green,23.5,green,97.0
561,1711,Maschhoff_4NL2_RM2_C,MO202101-XQTNSFJB,2022-01-17,green,23.5,green,98.0
562,1711,Maschhoff_4NL2_RM2_C,MO202101-XQTNSFJB,2022-01-18,green,23.0,green,97.0
563,1711,Maschhoff_4NL2_RM2_C,MO202101-XQTNSFJB,2022-01-19,green,24.5,green,99.0
564,1711,Maschhoff_4NL2_RM2_C,MO202101-XQTNSFJB,2022-01-20,green,23.5,green,98.0
565,1711,Maschhoff_4NL2_RM2_C,MO202101-XQTNSFJB,2022-01-21,green,23.5,green,99.0
566,1711,Maschhoff_4NL2_RM2_C,MO202101-XQTNSFJB,2022-01-22,green,23.0,green,97.0
567,1711,Maschhoff_4NL2_RM2_C,MO202101-XQTNSFJB,2022-01-23,green,23.0,green,97.0
568,1711,Maschhoff_4NL2_RM2_C,MO202101-XQTNSFJB,2022-01-24,green,23.5,green,97.0
569,1711,Maschhoff_4NL2_RM2_C,MO202101-XQTNSFJB,2022-01-25,green,23.5,green,99.0
570,1711,Maschhoff_4NL2_RM2_C,MO202101-XQTNSFJB,2022-01-26,yellow,23.0,green,99.0
571,1711,Maschhoff_4NL2_RM2_C,MO202101-XQTNSFJB,2022-01-27,green,23.0,green,98.0
572,1711,Maschhoff_4NL2_RM2_C,MO202101-XQTNSFJB,2022-01-28,green,23.0,green,99.0
573,1711,Maschhoff_4NL2_RM2_C,MO202101-XQTNSFJB,2022-01-29,green,23.0,green,97.0
574,1711,Maschhoff_4NL2_RM2_C,MO202101-XQTNSFJB,2022-01-30,green,23.5,green,97.0
575,1711,Maschhoff_4NL2_RM2_C,MO202101-XQTNSFJB,2022-01-31,green,23.0,green,98.0
576,1711,Maschhoff_4NL2_RM2_C,MO202101-XQTNSFJB,2022-02-01,green,23.0,green,99.0
577,1711,Maschhoff_4NL2_RM2_C,MO202101-XQTNSFJB,2022-02-02,green,22.5,green,99.0
578,1711,Maschhoff_4NL2_RM2_C,MO202101-XQTNSFJB,2022-02-03,green,21.0,green,99.0
579,1711,Maschhoff_4NL2_RM2_C,MO202101-XQTNSFJB,2022-02-04,green,21.0,green,98.0
580,1711,Maschhoff_4NL2_RM2_C,MO202101-XQTNSFJB,2022-02-05,yellow,21.0,green,98.0
581,1711,Maschhoff_4NL2_RM2_C,MO202101-XQTNSFJB,2022-02-06,green,22.0,green,97.0
582,1711,Maschhoff_4NL2_RM2_C,MO202101-XQTNSFJB,2022-02-07,green,21.5,green,97.0
583,1711,Maschhoff_4NL2_RM2_C,MO202101-XQTNSFJB,2022-02-08,green,22.0,green,99.0
584,1711,Maschhoff_4NL2_RM2_C,MO202101-XQTNSFJB,2022-02-09,green,22.5,green,99.0
585,1711,Maschhoff_4NL2_RM2_C,MO202101-XQTNSFJB,2022-02-10,green,22.0,green,98.0
586,1711,Maschhoff_4NL2_RM2_C,MO202101-XQTNSFJB,2022-02-11,green,23.0,green,98.0
587,1711,Maschhoff_4NL2_RM2_C,MO202101-XQTNSFJB,2022-02-12,green,22.5,green,97.0
588,1711,Maschhoff_4NL2_RM2_C,MO202101-XQTNSFJB,2022-02-13,green,21.5,green,96.0
589,1711,Maschhoff_4NL2_RM2_C,MO202101-XQTNSFJB,2022-02-14,green,21.5,green,97.0
590,1711,Maschhoff_4NL2_RM2_C,MO202101-XQTNSFJB,2022-02-15,green,22.0,green,97.0
591,1711,Maschhoff_4NL2_RM2_C,MO202101-XQTNSFJB,2022-02-16,green,22.5,green,99.0
592,1711,Maschhoff_4NL2_RM2_C,MO202101-XQTNSFJB,2022-02-17,green,22.0,green,99.0
593,1711,Maschhoff_4NL2_RM2_C,MO202101-XQTNSFJB,2022-02-18,yellow,20.5,green,97.0
594,1711,Maschhoff_4NL2_RM2_C,MO202101-XQTNSFJB,2022-02-19,yellow,21.5,green,98.0
595,1711,Maschhoff_4NL2_RM2_C,MO202101-XQTNSFJB,2022-02-20,green,21.5,green,99.0
596,1711,Maschhoff_4NL2_RM2_C,MO202101-XQTNSFJB,2022-02-21,green,21.5,green,98.0
597,1711,Maschhoff_4NL2_RM2_C,MO202101-XQTNSFJB,2022-02-22,green,23.0,green,99.0
598,1711,Maschhoff_4NL2_RM2_C,MO202101-XQTNSFJB,2022-02-23,green,22.0,green,96.0
599,1711,Maschhoff_4NL2_RM2_C,MO202101-XQTNSFJB,2022-02-24,green,21.0,green,97.0
600,1711,Maschhoff_4NL2_RM2_C,MO202101-XQTNSFJB,2022-02-25,green,21.5,green,99.0
601,1711,Maschhoff_4NL2_RM2_C,MO202101-XQTNSFJB,2022-02-26,green,21.5,green,97.0
602,1711,Maschhoff_4NL2_RM2_C,MO202101-XQTNSFJB,2022-02-27,green,21.5,green,98.0
603,1711,Maschhoff_4NL2_RM2_C,MO202101-XQTNSFJB,2022-02-28,green,21.0,green,99.0
604,1711,Maschhoff_4NL2_RM2_C,MO202101-XQTNSFJB,2022-03-01,green,22.5,green,97.0
605,1711,Maschhoff_4NL2_RM2_C,MO202101-XQTNSFJB,2022-03-02,green,22.0,green,99.0
606,1711,Maschhoff_4NL2_RM2_C,MO202101-XQTNSFJB,2022-03-03,green,21.5,green,99.0
607,1711,Maschhoff_4NL2_RM2_C,MO202101-XQTNSFJB,2022-03-04,green,21.5,green,99.0
608,1711,Maschhoff_4NL2_RM2_C,MO202101-XQTNSFJB,2022-03-05,green,22.5,green,96.0
609,1711,Maschhoff_4NL2_RM2_C,MO202101-XQTNSFJB,2022-03-06,green,21.5,green,97.0
610,1711,Maschhoff_4NL2_RM2_C,MO202101-XQTNSFJB,2022-03-07,green,21.5,green,96.0
611,1711,Maschhoff_4NL2_RM2_C,MO202101-XQTNSFJB,2022-03-08,green,21.0,green,99.0
612,1711,Maschhoff_4NL2_RM2_C,MO202101-XQTNSFJB,2022-03-09,green,21.0,green,99.0
613,1711,Maschhoff_4NL2_RM2_C,MO202101-XQTNSFJB,2022-03-10,green,20.5,green,99.0
614,1711,Maschhoff_4NL2_RM2_C,MO202101-XQTNSFJB,2022-03-11,green,22.0,green,97.0
615,1711,Maschhoff_4NL2_RM2_C,MO202101-XQTNSFJB,2022-03-12,green,21.5,green,98.0
616,1711,Maschhoff_4NL2_RM2_C,MO202101-XQTNSFJB,2022-03-13,green,21.5,green,99.0
617,1711,Maschhoff_4NL2_RM2_C,MO202101-XQTNSFJB,2022-03-14,green,22.0,green,98.0
618,1711,Maschhoff_4NL2_RM2_C,MO202101-XQTNSFJB,2022-03-15,green,22.0,green,99.0
619,1711,Maschhoff_4NL2_RM2_C,MO202101-XQTNSFJB,2022-03-16,green,21.5,green,96.0
620,1711,Maschhoff_4NL2_RM2_C,MO202101-XQTNSFJB,2022-03-17,yellow,21.5,green,99.0
621,1711,Maschhoff_4NL2_RM2_C,MO202101-XQTNSFJB,2022-03-18,green,20.5,green,97.0
622,1711,Maschhoff_4NL2_RM2_C,MO202101-XQTNSFJB,2022-03-19,green,21.0,green,99.0
623,1711,Maschhoff_4NL2_RM2_C,MO202101-XQTNSFJB,2022-03-20,yellow,21.5,green,99.0
624,1711,Maschhoff_4NL2_RM2_C,MO202101-XQTNSFJB,2022-03-21,green,21.5,green,99.0
625,1711,Maschhoff_4NL2_RM2_C,MO202101-XQTNSFJB,2022-03-22,green,20.0,green,99.0
626,1711,Maschhoff_4NL2_RM2_C,MO202101-XQTNSFJB,2022-03-23,green,20.0,green,96.0
627,1711,Maschhoff_4NL2_RM2_C,MO202101-XQTNSFJB,2022-03-24,green,20.5,green,98.0
628,1711,Maschhoff_4NL2_RM2_C,MO202101-XQTNSFJB,2022-03-25,yellow,21.5,green,98.0
629,1711,Maschhoff_4NL2_RM2_C,MO202101-XQTNSFJB,2022-03-26,green,21.5,green,99.0
630,1711,Maschhoff_4NL2_RM2_C,MO202101-XQTNSFJB,2022-03-27,green,20.0,green,96.0
631,1711,Maschhoff_4NL2_RM2_C,MO202101-XQTNSFJB,2022-03-28,green,20.0,green,98.0
632,1711,Maschhoff_4NL2_RM2_C,MO202101-XQTNSFJB,2022-03-29,green,21.0,green,98.0
633,1711,Maschhoff_4NL2_RM2_C,MO202101-XQTNSFJB,2022-03-30,green,20.5,green,99.0
634,1711,Maschhoff_4NL2_RM2_C,MO202101-XQTNSFJB,2022-03-31,green,20.0,green,99.0
635,1711,Maschhoff_4NL2_RM2_C,MO202101-XQTNSFJB,2022-04-01,green,21.0,green,98.0
636,1711,Maschhoff_4NL2_RM2_C,MO202101-XQTNSFJB,2022-04-02,green,20.5,green,97.0
637,1711,Maschhoff_4NL2_RM2_C,MO202101-XQTNSFJB,2022-04-03,green,21.0,green,97.0
638,1711,Maschhoff_4NL2_RM2_C,MO202101-XQTNSFJB,2022-04-04,green,20.0,green,96.0
639,1711,Maschhoff_4NL2_RM2_C,MO202101-XQTNSFJB,2022-04-05,green,20.5,green,97.0
640,1711,Maschhoff_4NL2_RM2_C,MO202101-XQTNSFJB,2022-04-06,yellow,20.0,green,97.0
641,1711,Maschhoff_4NL2_RM2_C,MO202101-XQTNSFJB,2022-04-07,green,19.5,green,97.0
642,1711,Maschhoff_4NL2_RM2_C,MO202101-XQTNSFJB,2022-04-08,green,19.5,green,99.0
643,1711,Maschhoff_4NL2_RM2_C,MO202101-XQTNSFJB,2022-04-09,green,20.5,green,99.0
644,1711,Maschhoff_4NL2_RM2_C,MO202101-XQTNSFJB,2022-04-10,green,20.5,green,99.0
645,1711,Maschhoff_4NL2_RM2_C,MO202101-XQTNSFJB,2022-04-11,yellow,20.0,green,96.0
646,1711,Maschhoff_4NL2_RM2_C,MO202101-XQTNSFJB,2022-04-12,green,21.0,green,97.0
647,1711,Maschhoff_4NL2_RM2_C,MO202101-XQTNSFJB,2022-04-13,red,19.5,green,99.0
648,1711,Maschhoff_4NL2_RM2_C,MO202101-XQTNSFJB,2022-04-14,green,20.0,green,98.0
649,1711,Maschhoff_4NL2_RM2_C,MO202101-XQTNSFJB,2022-04-15,green,20.0,green,97.0
650,1711,Maschhoff_4NL2_RM2_C,MO202101-XQTNSFJB,2022-04-16,green,20.0,green,97.0
651,1711,Maschhoff_4NL2_RM2_C,MO202101-XQTNSFJB,2022-04-17,green,20.0,green,97.0
652,1711,Maschhoff_4NL2_RM2_C,MO202101-XQTNSFJB,2022-04-18,yellow,20.5,green,99.0
653,1711,Maschhoff_4NL2_RM2_C,MO202101-XQTNSFJB,2022-04-19,green,20.0,green,98.0
654,1711,Maschhoff_4NL2_RM2_C,MO202101-XQTNSFJB,2022-04-20,green,19.0,green,97.0
655,1711,Maschhoff_4NL2_RM2_C,MO202101-XQTNSFJB,2022-04-21,green,19.5,green,96.0
656,1711,Maschhoff_4NL2_RM2_C,MO202101-XQTNSFJB,2022-04-22,green,21.0,green,98.0
657,1711,Maschhoff_4NL2_RM2_C,MO202101-XQTNSFJB,2022-04-23,green,24.0,green,97.0
658,1711,Maschhoff_4NL2_RM2_C,MO202101-XQTNSFJB,2022-04-24,green,20.0,green,99.0
659,1711,Maschhoff_4NL2_RM2_C,MO202101-XQTNSFJB,2022-04-25,red,19.0,green,99.0
660,1711,Maschhoff_4NL2_RM2_C,MO202101-XQTNSFJB,2022-04-26,green,19.5,green,97.0
661,1711,Maschhoff_4NL2_RM2_C,MO202101-XQTNSFJB,2022-04-27,green,19.5,green,97.0
662,1711,Maschhoff_4NL2_RM2_C,MO202101-XQTNSFJB,2022-04-28,green,19.5,green,99.0
663,1711,Maschhoff_4NL2_RM2_C,MO202101-XQTNSFJB,2022-04-29,green,19.5,green,97.0
664,1711,Maschhoff_4NL2_RM2_C,MO202101-XQTNSFJB,2022-04-30,green,20.5,green,97.0
665,1711,Maschhoff_4NL2_RM2_C,MO202101-XQTNSFJB,2022-05-01,green,19.0,green,97.0
666,1711,Maschhoff_4NL2_RM2_C,MO202101-XQTNSFJB,2022-05-02,green,18.5,green,98.0
667,1711,Maschhoff_4NL2_RM2_C,MO202101-XQTNSFJB,2022-05-03,green,18.5,green,99.0
668,1711,Maschhoff_4NL2_RM2_C,MO202101-XQTNSFJB,2022-05-04,green,19.5,green,99.0
669,1711,Maschhoff_4NL2_RM2_C,MO202101-XQTNSFJB,2022-05-05,green,19.0,green,99.0
670,1711,Maschhoff_4NL2_RM2_C,MO202101-XQTNSFJB,2022-05-06,green,18.5,green,99.0
671,1711,Maschhoff_4NL2_RM2_C,MO202101-XQTNSFJB,2022-05-07,green,19.5,green,99.0
672,1711,Maschhoff_4NL2_RM2_C,MO202101-XQTNSFJB,2022-05-08,green,20.0,green,96.0
673,1711,Maschhoff_4NL2_RM2_C,MO202101-XQTNSFJB,2022-05-09,green,24.0,green,99.0
674,1711,Maschhoff_4NL2_RM2_C,MO202101-XQTNSFJB,2022-05-10,yellow,27.0,green,97.0
675,1711,Maschhoff_4NL2_RM2_C,MO202101-XQTNSFJB,2022-05-11,yellow,28.5,green,98.0
676,1711,Maschhoff_4NL2_RM2_C,MO202101-XQTNSFJB,2022-05-12,yellow,28.5,green,98.0
677,1711,Maschhoff_4NL2_RM2_C,MO202101-XQTNSFJB,2022-05-13,yellow,25.5,green,99.0
678,1711,Maschhoff_4NL2_RM2_C,MO202101-XQTNSFJB,2022-05-14,red,23.0,green,99.0
679,1711,Maschhoff_4NL2_RM2_C,MO202101-XQTNSFJB,2022-05-15,green,20.0,green,99.0
680,1711,Maschhoff_4NL2_RM2_C,MO202101-XQTNSFJB,2022-05-16,red,21.5,green,98.0
681,1711,Maschhoff_4NL2_RM2_C,MO202101-XQTNSFJB,2022-05-17,blue,18.5,blue,
682,1711,Maschhoff_4NL2_RM2_C,MO202101-XQTNSFJB,2022-05-18,blue,,blue,
683,1711,Maschhoff_4NL2_RM2_C,MO202101-XQTNSFJB,2022-05-19,green,26.0,blue,
684,1711,Maschhoff_4NL2_RM2_C,MO202101-XQTNSFJB,2022-05-20,green,22.5,green,97.0
685,1711,Maschhoff_4NL2_RM2_C,MO202101-XQTNSFJB,2022-05-21,green,18.0,green,97.0
686,1711,Maschhoff_4NL2_RM2_C,MO202101-XQTNSFJB,2022-05-22,green,16.0,green,98.0
687,1711,Maschhoff_4NL2_RM2_C,MO202101-XQTNSFJB,2022-05-23,yellow,25.0,green,99.0
688,1711,Maschhoff_4NL2_RM2_C,MO202101-XQTNSFJB,2022-05-24,yellow,29.0,green,83.0
689,1711,Maschhoff_4NL2_RM2_C,MO202101-XQTNSFJB,2022-05-25,green,28.5,green,80.0
690,1711,Maschhoff_4NL2_RM2_C,MO202101-XQTNSFJB,2022-05-26,yellow,28.5,green,84.0
691,1711,Maschhoff_4NL2_RM2_C,MO202101-XQTNSFJB,2022-05-27,green,28.5,green,93.0
692,1711,Maschhoff_4NL2_RM2_C,MO202101-XQTNSFJB,2022-05-28,green,28.5,green,80.0
693,1711,Maschhoff_4NL2_RM2_C,MO202101-XQTNSFJB,2022-05-29,green,29.0,green,72.0
694,1711,Maschhoff_4NL2_RM2_C,MO202101-XQTNSFJB,2022-05-30,green,29.0,green,86.0
695,1711,Maschhoff_4NL2_RM2_C,MO202101-XQTNSFJB,2022-05-31,green,28.5,green,91.0
696,1711,Maschhoff_4NL2_RM2_C,MO202101-XQTNSFJB,2022-06-01,green,28.0,green,92.0
697,1711,Maschhoff_4NL2_RM2_C,MO202101-XQTNSFJB,2022-06-02,yellow,28.0,green,97.0
698,1711,Maschhoff_4NL2_RM2_C,MO202101-XQTNSFJB,2022-06-03,green,28.5,green,98.0
699,1711,Maschhoff_4NL2_RM2_C,MO202101-XQTNSFJB,2022-06-04,green,27.5,green,97.0
700,1711,Maschhoff_4NL2_RM2_C,MO202101-XQTNSFJB,2022-06-05,green,28.0,green,97.0
701,1711,Maschhoff_4NL2_RM2_C,MO202101-XQTNSFJB,2022-06-06,green,28.0,green,96.0
702,1711,Maschhoff_4NL2_RM2_C,MO202101-XQTNSFJB,2022-06-07,green,27.5,green,97.0
703,1711,Maschhoff_4NL2_RM2_C,MO202101-XQTNSFJB,2022-06-08,green,26.5,green,97.0
704,1711,Maschhoff_4NL2_RM2_C,MO202101-XQTNSFJB,2022-06-09,green,26.5,green,97.0
705,1711,Maschhoff_4NL2_RM2_C,MO202101-XQTNSFJB,2022-06-10,green,26.5,green,95.0
706,1711,Maschhoff_4NL2_RM2_C,MO202101-XQTNSFJB,2022-06-11,green,26.5,green,97.0
707,1711,Maschhoff_4NL2_RM2_C,MO202101-XQTNSFJB,2022-06-12,green,27.0,green,96.0
708,1711,Maschhoff_4NL2_RM2_C,MO202101-XQTNSFJB,2022-06-13,green,28.5,green,98.0
709,1711,Maschhoff_4NL2_RM2_C,MO202101-XQTNSFJB,2022-06-14,yellow,30.5,green,99.0
710,1711,Maschhoff_4NL2_RM2_C,MO202101-XQTNSFJB,2022-06-15,yellow,30.5,green,99.0
711,1711,Maschhoff_4NL2_RM2_C,MO202101-XQTNSFJB,2022-06-16,yellow,28.5,green,97.0
0,1719,Maschhoff_4NL2_RM1_C,MO202201-5PKPG4SX,2021-12-21,green,25.0,green,96.0
1,1719,Maschhoff_4NL2_RM1_C,MO202201-5PKPG4SX,2021-12-22,green,25.5,green,99.0
2,1719,Maschhoff_4NL2_RM1_C,MO202201-5PKPG4SX,2021-12-23,green,24.5,green,97.0
3,1719,Maschhoff_4NL2_RM1_C,MO202201-5PKPG4SX,2021-12-24,green,24.5,green,93.0
4,1719,Maschhoff_4NL2_RM1_C,MO202201-5PKPG4SX,2021-12-25,yellow,24.5,green,82.0
5,1719,Maschhoff_4NL2_RM1_C,MO202201-5PKPG4SX,2021-12-26,green,23.5,green,96.0
6,1719,Maschhoff_4NL2_RM1_C,MO202201-5PKPG4SX,2021-12-27,yellow,24.0,green,92.0
7,1719,Maschhoff_4NL2_RM1_C,MO202201-5PKPG4SX,2021-12-28,green,22.5,green,94.0
8,1719,Maschhoff_4NL2_RM1_C,MO202201-5PKPG4SX,2021-12-29,green,23.0,green,94.0
9,1719,Maschhoff_4NL2_RM1_C,MO202201-5PKPG4SX,2021-12-30,green,23.0,green,94.0
10,1719,Maschhoff_4NL2_RM1_C,MO202201-5PKPG4SX,2021-12-31,green,23.5,green,92.0
11,1719,Maschhoff_4NL2_RM1_C,MO202201-5PKPG4SX,2022-01-01,yellow,22.5,green,92.0
12,1719,Maschhoff_4NL2_RM1_C,MO202201-5PKPG4SX,2022-01-02,yellow,22.0,green,94.0
13,1719,Maschhoff_4NL2_RM1_C,MO202201-5PKPG4SX,2022-01-03,yellow,22.5,green,88.0
14,1719,Maschhoff_4NL2_RM1_C,MO202201-5PKPG4SX,2022-01-04,yellow,21.0,green,91.0
15,1719,Maschhoff_4NL2_RM1_C,MO202201-5PKPG4SX,2022-01-05,green,23.0,green,92.0
16,1719,Maschhoff_4NL2_RM1_C,MO202201-5PKPG4SX,2022-01-06,green,23.0,green,91.0
17,1719,Maschhoff_4NL2_RM1_C,MO202201-5PKPG4SX,2022-01-07,green,22.5,green,89.0
18,1719,Maschhoff_4NL2_RM1_C,MO202201-5PKPG4SX,2022-01-08,green,19.5,green,94.0
19,1719,Maschhoff_4NL2_RM1_C,MO202201-5PKPG4SX,2022-01-09,green,24.0,green,92.0
20,1719,Maschhoff_4NL2_RM1_C,MO202201-5PKPG4SX,2022-01-10,green,23.5,green,92.0
21,1719,Maschhoff_4NL2_RM1_C,MO202201-5PKPG4SX,2022-01-11,green,22.0,green,96.0
22,1719,Maschhoff_4NL2_RM1_C,MO202201-5PKPG4SX,2022-01-12,green,23.0,green,79.0
23,1719,Maschhoff_4NL2_RM1_C,MO202201-5PKPG4SX,2022-01-13,green,22.5,green,77.0
24,1719,Maschhoff_4NL2_RM1_C,MO202201-5PKPG4SX,2022-01-14,green,21.5,green,77.0
25,1719,Maschhoff_4NL2_RM1_C,MO202201-5PKPG4SX,2022-01-15,yellow,21.5,green,75.0
26,1719,Maschhoff_4NL2_RM1_C,MO202201-5PKPG4SX,2022-01-16,green,21.5,green,79.0
27,1719,Maschhoff_4NL2_RM1_C,MO202201-5PKPG4SX,2022-01-17,green,22.5,green,82.0
28,1719,Maschhoff_4NL2_RM1_C,MO202201-5PKPG4SX,2022-01-18,green,22.0,green,80.0
29,1719,Maschhoff_4NL2_RM1_C,MO202201-5PKPG4SX,2022-01-19,green,23.0,green,84.0
30,1719,Maschhoff_4NL2_RM1_C,MO202201-5PKPG4SX,2022-01-20,yellow,21.5,green,89.0
31,1719,Maschhoff_4NL2_RM1_C,MO202201-5PKPG4SX,2022-01-21,yellow,20.5,green,85.0
32,1719,Maschhoff_4NL2_RM1_C,MO202201-5PKPG4SX,2022-01-22,yellow,21.5,green,83.0
33,1719,Maschhoff_4NL2_RM1_C,MO202201-5PKPG4SX,2022-01-23,yellow,21.5,green,80.0
34,1719,Maschhoff_4NL2_RM1_C,MO202201-5PKPG4SX,2022-01-24,green,22.0,green,80.0
35,1719,Maschhoff_4NL2_RM1_C,MO202201-5PKPG4SX,2022-01-25,green,21.5,green,84.0
36,1719,Maschhoff_4NL2_RM1_C,MO202201-5PKPG4SX,2022-01-26,green,21.0,green,79.0
37,1719,Maschhoff_4NL2_RM1_C,MO202201-5PKPG4SX,2022-01-27,green,21.5,green,81.0
38,1719,Maschhoff_4NL2_RM1_C,MO202201-5PKPG4SX,2022-01-28,yellow,21.0,green,72.0
39,1719,Maschhoff_4NL2_RM1_C,MO202201-5PKPG4SX,2022-01-29,green,21.0,green,77.0
40,1719,Maschhoff_4NL2_RM1_C,MO202201-5PKPG4SX,2022-01-30,green,22.0,green,77.0
41,1719,Maschhoff_4NL2_RM1_C,MO202201-5PKPG4SX,2022-01-31,green,21.5,green,80.0
42,1719,Maschhoff_4NL2_RM1_C,MO202201-5PKPG4SX,2022-02-01,green,22.0,green,82.0
43,1719,Maschhoff_4NL2_RM1_C,MO202201-5PKPG4SX,2022-02-02,red,21.0,green,77.0
44,1719,Maschhoff_4NL2_RM1_C,MO202201-5PKPG4SX,2022-02-03,red,18.5,green,90.0
45,1719,Maschhoff_4NL2_RM1_C,MO202201-5PKPG4SX,2022-02-04,yellow,19.5,green,91.0
46,1719,Maschhoff_4NL2_RM1_C,MO202201-5PKPG4SX,2022-02-05,red,18.5,green,93.0
47,1719,Maschhoff_4NL2_RM1_C,MO202201-5PKPG4SX,2022-02-06,green,21.0,green,82.0
48,1719,Maschhoff_4NL2_RM1_C,MO202201-5PKPG4SX,2022-02-07,yellow,21.0,green,80.0
49,1719,Maschhoff_4NL2_RM1_C,MO202201-5PKPG4SX,2022-02-08,green,21.5,green,80.0
50,1719,Maschhoff_4NL2_RM1_C,MO202201-5PKPG4SX,2022-02-09,green,22.0,green,74.0
51,1719,Maschhoff_4NL2_RM1_C,MO202201-5PKPG4SX,2022-02-10,green,22.0,green,81.0
52,1719,Maschhoff_4NL2_RM1_C,MO202201-5PKPG4SX,2022-02-11,green,22.0,green,84.0
53,1719,Maschhoff_4NL2_RM1_C,MO202201-5PKPG4SX,2022-02-12,green,22.0,green,80.0
54,1719,Maschhoff_4NL2_RM1_C,MO202201-5PKPG4SX,2022-02-13,green,21.5,green,76.0
55,1719,Maschhoff_4NL2_RM1_C,MO202201-5PKPG4SX,2022-02-14,green,21.0,green,75.0
56,1719,Maschhoff_4NL2_RM1_C,MO202201-5PKPG4SX,2022-02-15,green,21.0,green,75.0
57,1719,Maschhoff_4NL2_RM1_C,MO202201-5PKPG4SX,2022-02-16,green,21.5,green,83.0
58,1719,Maschhoff_4NL2_RM1_C,MO202201-5PKPG4SX,2022-02-17,green,21.5,green,81.0
59,1719,Maschhoff_4NL2_RM1_C,MO202201-5PKPG4SX,2022-02-18,green,21.0,green,76.0
60,1719,Maschhoff_4NL2_RM1_C,MO202201-5PKPG4SX,2022-02-19,green,21.5,green,75.0
61,1719,Maschhoff_4NL2_RM1_C,MO202201-5PKPG4SX,2022-02-20,green,20.5,green,83.0
62,1719,Maschhoff_4NL2_RM1_C,MO202201-5PKPG4SX,2022-02-21,green,21.0,green,85.0
63,1719,Maschhoff_4NL2_RM1_C,MO202201-5PKPG4SX,2022-02-22,green,22.0,green,86.0
64,1719,Maschhoff_4NL2_RM1_C,MO202201-5PKPG4SX,2022-02-23,green,21.5,green,72.0
65,1719,Maschhoff_4NL2_RM1_C,MO202201-5PKPG4SX,2022-02-24,green,20.5,green,72.0
66,1719,Maschhoff_4NL2_RM1_C,MO202201-5PKPG4SX,2022-02-25,green,21.0,green,74.0
67,1719,Maschhoff_4NL2_RM1_C,MO202201-5PKPG4SX,2022-02-26,green,20.5,green,69.0
68,1719,Maschhoff_4NL2_RM1_C,MO202201-5PKPG4SX,2022-02-27,green,20.5,green,77.0
69,1719,Maschhoff_4NL2_RM1_C,MO202201-5PKPG4SX,2022-02-28,green,20.5,green,83.0
70,1719,Maschhoff_4NL2_RM1_C,MO202201-5PKPG4SX,2022-03-01,green,21.0,green,87.0
71,1719,Maschhoff_4NL2_RM1_C,MO202201-5PKPG4SX,2022-03-02,green,21.0,green,84.0
72,1719,Maschhoff_4NL2_RM1_C,MO202201-5PKPG4SX,2022-03-03,green,20.5,green,87.0
73,1719,Maschhoff_4NL2_RM1_C,MO202201-5PKPG4SX,2022-03-04,green,20.0,green,83.0
74,1719,Maschhoff_4NL2_RM1_C,MO202201-5PKPG4SX,2022-03-05,green,21.5,green,93.0
75,1719,Maschhoff_4NL2_RM1_C,MO202201-5PKPG4SX,2022-03-06,green,20.5,green,92.0
76,1719,Maschhoff_4NL2_RM1_C,MO202201-5PKPG4SX,2022-03-07,green,20.5,green,69.0
77,1719,Maschhoff_4NL2_RM1_C,MO202201-5PKPG4SX,2022-03-08,green,20.0,green,73.0
78,1719,Maschhoff_4NL2_RM1_C,MO202201-5PKPG4SX,2022-03-09,green,20.0,green,75.0
79,1719,Maschhoff_4NL2_RM1_C,MO202201-5PKPG4SX,2022-03-10,green,20.0,green,76.0
80,1719,Maschhoff_4NL2_RM1_C,MO202201-5PKPG4SX,2022-03-11,green,21.0,green,75.0
81,1719,Maschhoff_4NL2_RM1_C,MO202201-5PKPG4SX,2022-03-12,green,21.0,green,75.0
82,1719,Maschhoff_4NL2_RM1_C,MO202201-5PKPG4SX,2022-03-13,green,20.0,green,78.0
83,1719,Maschhoff_4NL2_RM1_C,MO202201-5PKPG4SX,2022-03-14,yellow,20.5,green,86.0
84,1719,Maschhoff_4NL2_RM1_C,MO202201-5PKPG4SX,2022-03-15,yellow,20.5,green,89.0
85,1719,Maschhoff_4NL2_RM1_C,MO202201-5PKPG4SX,2022-03-16,yellow,21.0,green,88.0
86,1719,Maschhoff_4NL2_RM1_C,MO202201-5PKPG4SX,2022-03-17,yellow,20.0,green,94.0
87,1719,Maschhoff_4NL2_RM1_C,MO202201-5PKPG4SX,2022-03-18,green,19.5,green,92.0
88,1719,Maschhoff_4NL2_RM1_C,MO202201-5PKPG4SX,2022-03-19,green,20.0,green,85.0
89,1719,Maschhoff_4NL2_RM1_C,MO202201-5PKPG4SX,2022-03-20,yellow,20.5,green,91.0
90,1719,Maschhoff_4NL2_RM1_C,MO202201-5PKPG4SX,2022-03-21,green,21.0,green,93.0
91,1719,Maschhoff_4NL2_RM1_C,MO202201-5PKPG4SX,2022-03-22,green,19.5,green,97.0
92,1719,Maschhoff_4NL2_RM1_C,MO202201-5PKPG4SX,2022-03-23,green,19.5,green,97.0
93,1719,Maschhoff_4NL2_RM1_C,MO202201-5PKPG4SX,2022-03-24,green,19.5,green,95.0
94,1719,Maschhoff_4NL2_RM1_C,MO202201-5PKPG4SX,2022-03-25,yellow,20.5,green,97.0
95,1719,Maschhoff_4NL2_RM1_C,MO202201-5PKPG4SX,2022-03-26,green,20.5,green,94.0
96,1719,Maschhoff_4NL2_RM1_C,MO202201-5PKPG4SX,2022-03-27,green,19.0,green,93.0
97,1719,Maschhoff_4NL2_RM1_C,MO202201-5PKPG4SX,2022-03-28,green,19.5,green,94.0
98,1719,Maschhoff_4NL2_RM1_C,MO202201-5PKPG4SX,2022-03-29,green,19.0,green,94.0
99,1719,Maschhoff_4NL2_RM1_C,MO202201-5PKPG4SX,2022-03-30,green,19.0,green,98.0
100,1719,Maschhoff_4NL2_RM1_C,MO202201-5PKPG4SX,2022-03-31,green,19.5,green,97.0
101,1719,Maschhoff_4NL2_RM1_C,MO202201-5PKPG4SX,2022-04-01,green,19.5,green,97.0
102,1719,Maschhoff_4NL2_RM1_C,MO202201-5PKPG4SX,2022-04-02,green,19.0,green,97.0
103,1719,Maschhoff_4NL2_RM1_C,MO202201-5PKPG4SX,2022-04-03,green,19.5,green,97.0
104,1719,Maschhoff_4NL2_RM1_C,MO202201-5PKPG4SX,2022-04-04,green,18.5,green,97.0
105,1719,Maschhoff_4NL2_RM1_C,MO202201-5PKPG4SX,2022-04-05,green,19.5,green,95.0
106,1719,Maschhoff_4NL2_RM1_C,MO202201-5PKPG4SX,2022-04-06,yellow,19.0,green,97.0
107,1719,Maschhoff_4NL2_RM1_C,MO202201-5PKPG4SX,2022-04-07,yellow,18.0,green,93.0
108,1719,Maschhoff_4NL2_RM1_C,MO202201-5PKPG4SX,2022-04-08,green,19.0,green,94.0
109,1719,Maschhoff_4NL2_RM1_C,MO202201-5PKPG4SX,2022-04-09,yellow,19.5,green,97.0
110,1719,Maschhoff_4NL2_RM1_C,MO202201-5PKPG4SX,2022-04-10,green,20.5,green,92.0
111,1719,Maschhoff_4NL2_RM1_C,MO202201-5PKPG4SX,2022-04-11,green,19.5,green,99.0
112,1719,Maschhoff_4NL2_RM1_C,MO202201-5PKPG4SX,2022-04-12,green,20.0,green,97.0
113,1719,Maschhoff_4NL2_RM1_C,MO202201-5PKPG4SX,2022-04-13,yellow,19.5,green,99.0
114,1719,Maschhoff_4NL2_RM1_C,MO202201-5PKPG4SX,2022-04-14,yellow,19.0,green,97.0
115,1719,Maschhoff_4NL2_RM1_C,MO202201-5PKPG4SX,2022-04-15,green,18.5,green,98.0
116,1719,Maschhoff_4NL2_RM1_C,MO202201-5PKPG4SX,2022-04-16,yellow,18.5,green,96.0
117,1719,Maschhoff_4NL2_RM1_C,MO202201-5PKPG4SX,2022-04-17,green,17.5,green,98.0
118,1719,Maschhoff_4NL2_RM1_C,MO202201-5PKPG4SX,2022-04-18,yellow,18.5,green,97.0
119,1719,Maschhoff_4NL2_RM1_C,MO202201-5PKPG4SX,2022-04-19,green,18.5,green,95.0
120,1719,Maschhoff_4NL2_RM1_C,MO202201-5PKPG4SX,2022-04-20,green,17.5,green,96.0
121,1719,Maschhoff_4NL2_RM1_C,MO202201-5PKPG4SX,2022-04-21,green,19.5,green,96.0
122,1719,Maschhoff_4NL2_RM1_C,MO202201-5PKPG4SX,2022-04-22,green,21.0,green,98.0
123,1719,Maschhoff_4NL2_RM1_C,MO202201-5PKPG4SX,2022-04-23,green,23.5,green,98.0
124,1719,Maschhoff_4NL2_RM1_C,MO202201-5PKPG4SX,2022-04-24,green,20.0,green,96.0
125,1719,Maschhoff_4NL2_RM1_C,MO202201-5PKPG4SX,2022-04-25,green,18.0,green,97.0
126,1719,Maschhoff_4NL2_RM1_C,MO202201-5PKPG4SX,2022-04-26,green,18.0,green,97.0
127,1719,Maschhoff_4NL2_RM1_C,MO202201-5PKPG4SX,2022-04-27,green,18.5,green,95.0
128,1719,Maschhoff_4NL2_RM1_C,MO202201-5PKPG4SX,2022-04-28,green,18.5,green,94.0
129,1719,Maschhoff_4NL2_RM1_C,MO202201-5PKPG4SX,2022-04-29,green,19.5,green,96.0
130,1719,Maschhoff_4NL2_RM1_C,MO202201-5PKPG4SX,2022-04-30,green,20.5,green,97.0
131,1719,Maschhoff_4NL2_RM1_C,MO202201-5PKPG4SX,2022-05-01,green,19.0,green,97.0
132,1719,Maschhoff_4NL2_RM1_C,MO202201-5PKPG4SX,2022-05-02,green,18.5,green,97.0
133,1719,Maschhoff_4NL2_RM1_C,MO202201-5PKPG4SX,2022-05-03,green,18.0,green,95.0
134,1719,Maschhoff_4NL2_RM1_C,MO202201-5PKPG4SX,2022-05-04,green,19.0,green,93.0
135,1719,Maschhoff_4NL2_RM1_C,MO202201-5PKPG4SX,2022-05-05,green,19.0,green,92.0
136,1719,Maschhoff_4NL2_RM1_C,MO202201-5PKPG4SX,2022-05-06,green,18.5,green,93.0
137,1719,Maschhoff_4NL2_RM1_C,MO202201-5PKPG4SX,2022-05-07,green,19.5,green,92.0
138,1719,Maschhoff_4NL2_RM1_C,MO202201-5PKPG4SX,2022-05-08,green,19.5,green,93.0
139,1719,Maschhoff_4NL2_RM1_C,MO202201-5PKPG4SX,2022-05-09,yellow,23.5,green,95.0
140,1719,Maschhoff_4NL2_RM1_C,MO202201-5PKPG4SX,2022-05-10,yellow,26.5,green,96.0
141,1719,Maschhoff_4NL2_RM1_C,MO202201-5PKPG4SX,2022-05-11,yellow,28.0,green,95.0
142,1719,Maschhoff_4NL2_RM1_C,MO202201-5PKPG4SX,2022-05-12,yellow,28.5,green,97.0
143,1719,Maschhoff_4NL2_RM1_C,MO202201-5PKPG4SX,2022-05-13,yellow,25.0,green,99.0
144,1719,Maschhoff_4NL2_RM1_C,MO202201-5PKPG4SX,2022-05-14,red,23.0,green,99.0
145,1719,Maschhoff_4NL2_RM1_C,MO202201-5PKPG4SX,2022-05-15,green,19.5,green,97.0
146,1719,Maschhoff_4NL2_RM1_C,MO202201-5PKPG4SX,2022-05-16,red,20.5,green,84.0
147,1719,Maschhoff_4NL2_RM1_C,MO202201-5PKPG4SX,2022-05-17,blue,18.5,blue,
148,1719,Maschhoff_4NL2_RM1_C,MO202201-5PKPG4SX,2022-05-18,blue,,blue,
149,1719,Maschhoff_4NL2_RM1_C,MO202201-5PKPG4SX,2022-05-19,green,25.5,blue,
150,1719,Maschhoff_4NL2_RM1_C,MO202201-5PKPG4SX,2022-05-20,green,22.5,green,96.0
151,1719,Maschhoff_4NL2_RM1_C,MO202201-5PKPG4SX,2022-05-21,green,18.0,green,97.0
152,1719,Maschhoff_4NL2_RM1_C,MO202201-5PKPG4SX,2022-05-22,green,16.0,green,97.0
153,1719,Maschhoff_4NL2_RM1_C,MO202201-5PKPG4SX,2022-05-23,yellow,25.0,green,98.0
154,1719,Maschhoff_4NL2_RM1_C,MO202201-5PKPG4SX,2022-05-24,yellow,29.0,green,91.0
155,1719,Maschhoff_4NL2_RM1_C,MO202201-5PKPG4SX,2022-05-25,green,28.5,green,96.0
156,1719,Maschhoff_4NL2_RM1_C,MO202201-5PKPG4SX,2022-05-26,green,28.5,green,86.0
157,1719,Maschhoff_4NL2_RM1_C,MO202201-5PKPG4SX,2022-05-27,green,28.5,green,88.0
158,1719,Maschhoff_4NL2_RM1_C,MO202201-5PKPG4SX,2022-05-28,green,28.5,green,81.0
159,1719,Maschhoff_4NL2_RM1_C,MO202201-5PKPG4SX,2022-05-29,green,29.0,green,84.0
160,1719,Maschhoff_4NL2_RM1_C,MO202201-5PKPG4SX,2022-05-30,green,29.0,green,83.0
161,1719,Maschhoff_4NL2_RM1_C,MO202201-5PKPG4SX,2022-05-31,green,29.0,green,82.0
162,1719,Maschhoff_4NL2_RM1_C,MO202201-5PKPG4SX,2022-06-01,green,28.0,green,84.0
163,1719,Maschhoff_4NL2_RM1_C,MO202201-5PKPG4SX,2022-06-02,green,28.0,green,94.0
164,1719,Maschhoff_4NL2_RM1_C,MO202201-5PKPG4SX,2022-06-03,green,28.5,green,96.0
165,1719,Maschhoff_4NL2_RM1_C,MO202201-5PKPG4SX,2022-06-04,green,28.0,green,97.0
166,1719,Maschhoff_4NL2_RM1_C,MO202201-5PKPG4SX,2022-06-05,green,28.0,green,96.0
167,1719,Maschhoff_4NL2_RM1_C,MO202201-5PKPG4SX,2022-06-06,green,28.0,green,98.0
168,1719,Maschhoff_4NL2_RM1_C,MO202201-5PKPG4SX,2022-06-07,green,28.0,green,95.0
169,1719,Maschhoff_4NL2_RM1_C,MO202201-5PKPG4SX,2022-06-08,green,27.0,green,95.0
170,1719,Maschhoff_4NL2_RM1_C,MO202201-5PKPG4SX,2022-06-09,green,27.0,green,97.0
171,1719,Maschhoff_4NL2_RM1_C,MO202201-5PKPG4SX,2022-06-10,green,26.5,green,96.0
172,1719,Maschhoff_4NL2_RM1_C,MO202201-5PKPG4SX,2022-06-11,green,26.5,green,97.0
173,1719,Maschhoff_4NL2_RM1_C,MO202201-5PKPG4SX,2022-06-12,green,27.0,green,98.0
174,1719,Maschhoff_4NL2_RM1_C,MO202201-5PKPG4SX,2022-06-13,green,28.5,green,97.0
175,1719,Maschhoff_4NL2_RM1_C,MO202201-5PKPG4SX,2022-06-14,yellow,30.0,green,99.0
176,1719,Maschhoff_4NL2_RM1_C,MO202201-5PKPG4SX,2022-06-15,green,29.5,green,97.0
177,1719,Maschhoff_4NL2_RM1_C,MO202201-5PKPG4SX,2022-06-16,yellow,28.5,green,98.0
